source,keyword,date,value
naver_datalab,skin barrier,2024-07-22,49.19354
naver_datalab,skin barrier,2024-07-29,45.62211
naver_datalab,skin barrier,2024-08-05,60.59907
naver_datalab,skin barrier,2024-08-12,56.79723
naver_datalab,skin barrier,2024-08-19,53.11059
naver_datalab,skin barrier,2024-08-26,57.8341
naver_datalab,skin barrier,2024-09-02,63.59447
naver_datalab,skin barrier,2024-09-09,53.80184
naver_datalab,skin barrier,2024-09-16,50.92165
naver_datalab,skin barrier,2024-09-23,70.96774
naver_datalab,skin barrier,2024-09-30,67.39631
naver_datalab,skin barrier,2024-10-07,62.44239
naver_datalab,skin barrier,2024-10-14,60.25345
naver_datalab,skin barrier,2024-10-21,61.40552
naver_datalab,skin barrier,2024-10-28,64.28571
naver_datalab,skin barrier,2024-11-04,64.28571
naver_datalab,skin barrier,2024-11-11,68.08755
naver_datalab,skin barrier,2024-11-18,65.78341
naver_datalab,skin barrier,2024-11-25,68.43317
naver_datalab,skin barrier,2024-12-02,56.10599
naver_datalab,skin barrier,2024-12-09,60.36866
naver_datalab,skin barrier,2024-12-16,54.26267
naver_datalab,skin barrier,2024-12-23,51.49769
naver_datalab,skin barrier,2024-12-30,50.80645
naver_datalab,skin barrier,2025-01-06,54.37788
naver_datalab,skin barrier,2025-01-13,59.90783
naver_datalab,skin barrier,2025-01-20,63.36405
naver_datalab,skin barrier,2025-01-27,54.8387
naver_datalab,skin barrier,2025-02-03,68.20276
naver_datalab,skin barrier,2025-02-10,60.02304
naver_datalab,skin barrier,2025-02-17,61.52073
naver_datalab,skin barrier,2025-02-24,76.38248
naver_datalab,skin barrier,2025-03-03,62.78801
naver_datalab,skin barrier,2025-03-10,57.25806
naver_datalab,skin barrier,2025-03-17,60.71428
naver_datalab,skin barrier,2025-03-24,63.70967
naver_datalab,skin barrier,2025-03-31,62.5576
naver_datalab,skin barrier,2025-04-07,55.18433
naver_datalab,skin barrier,2025-04-14,54.7235
naver_datalab,skin barrier,2025-04-21,53.2258
naver_datalab,skin barrier,2025-04-28,52.99539
naver_datalab,skin barrier,2025-05-05,49.30875
naver_datalab,skin barrier,2025-05-12,54.60829
naver_datalab,skin barrier,2025-05-19,50.0
naver_datalab,skin barrier,2025-05-26,46.54377
naver_datalab,skin barrier,2025-06-02,46.54377
naver_datalab,skin barrier,2025-06-09,49.19354
naver_datalab,skin barrier,2025-06-16,50.23041
naver_datalab,skin barrier,2025-06-23,40.6682
naver_datalab,skin barrier,2025-06-30,40.89861
naver_datalab,skin barrier,2025-07-07,44.35483
naver_datalab,skin barrier,2025-07-14,43.54838
naver_datalab,skin barrier,2025-07-21,42.2811
naver_datalab,skin barrier,2025-07-28,41.47465
naver_datalab,skin barrier,2025-08-04,37.67281
naver_datalab,skin barrier,2025-08-11,37.78801
naver_datalab,skin barrier,2025-08-18,38.59447
naver_datalab,skin barrier,2025-08-25,46.77419
naver_datalab,skin barrier,2025-09-01,45.04608
naver_datalab,skin barrier,2025-09-08,45.3917
naver_datalab,skin barrier,2025-09-15,47.11981
naver_datalab,skin barrier,2025-09-22,36.17511
naver_datalab,skin barrier,2025-09-29,32.8341
naver_datalab,skin barrier,2025-10-06,33.41013
naver_datalab,skin barrier,2025-10-13,39.1705
naver_datalab,skin barrier,2025-10-20,44.35483
naver_datalab,skin barrier,2025-10-27,41.82027
naver_datalab,skin barrier,2025-11-03,38.36405
naver_datalab,skin barrier,2025-11-10,43.08755
naver_datalab,skin barrier,2025-11-17,47.23502
naver_datalab,skin barrier,2025-11-24,40.55299
naver_datalab,skin barrier,2025-12-01,45.16129
naver_datalab,skin barrier,2025-12-08,41.01382
naver_datalab,skin barrier,2025-12-15,35.48387
naver_datalab,skin barrier,2025-12-22,32.14285
naver_datalab,skin barrier,2025-12-29,34.90783
naver_datalab,skin barrier,2026-01-05,40.55299
naver_datalab,skin barrier,2026-01-12,34.447
naver_datalab,skin barrier,2026-01-19,39.40092
naver_datalab,skin barrier,2026-01-26,35.25345
naver_datalab,skin barrier,2026-02-02,35.82949
naver_datalab,skin barrier,2026-02-09,36.86635
naver_datalab,skin barrier,2026-02-16,30.99078
naver_datalab,skin barrier,2026-02-23,36.52073
naver_datalab,skin barrier,2026-03-02,34.56221
naver_datalab,skin barrier,2026-03-09,35.71428
naver_datalab,skin barrier,2026-03-16,38.82488
naver_datalab,skin barrier,2026-03-23,39.97695
naver_datalab,skin barrier,2026-03-30,37.78801
naver_datalab,skin barrier,2026-04-06,41.47465
naver_datalab,skin barrier,2026-04-13,38.13364
naver_datalab,skin barrier,2026-04-20,39.51612
naver_datalab,skin barrier,2026-04-27,36.52073
naver_datalab,skin barrier,2026-05-04,32.14285
naver_datalab,skin barrier,2026-05-11,35.02304
naver_datalab,skin barrier,2026-05-18,27.76497
naver_datalab,skin barrier,2026-05-25,26.6129
naver_datalab,skin barrier,2026-06-01,30.99078
naver_datalab,skin barrier,2026-06-08,30.76036
naver_datalab,skin barrier,2026-06-15,30.29953
naver_datalab,skin barrier,2026-06-22,25.34562
naver_datalab,skin barrier,2026-06-29,26.84331
naver_datalab,skin barrier,2026-07-06,27.53456
naver_datalab,skin barrier,2026-07-13,25.46082
naver_datalab,skin barrier,2026-07-20,31.10599
naver_datalab,skin barrier,2026-07-27,5.76036
naver_datalab,sensitive skin,2024-07-22,29.14746
naver_datalab,sensitive skin,2024-07-29,44.81566
naver_datalab,sensitive skin,2024-08-05,47.46543
naver_datalab,sensitive skin,2024-08-12,37.21198
naver_datalab,sensitive skin,2024-08-19,40.6682
naver_datalab,sensitive skin,2024-08-26,44.47004
naver_datalab,sensitive skin,2024-09-02,41.58986
naver_datalab,sensitive skin,2024-09-09,30.29953
naver_datalab,sensitive skin,2024-09-16,29.03225
naver_datalab,sensitive skin,2024-09-23,35.59907
naver_datalab,sensitive skin,2024-09-30,34.21658
naver_datalab,sensitive skin,2024-10-07,32.25806
naver_datalab,sensitive skin,2024-10-14,27.30414
naver_datalab,sensitive skin,2024-10-21,30.18433
naver_datalab,sensitive skin,2024-10-28,33.06451
naver_datalab,sensitive skin,2024-11-04,31.10599
naver_datalab,sensitive skin,2024-11-11,28.2258
naver_datalab,sensitive skin,2024-11-18,29.8387
naver_datalab,sensitive skin,2024-11-25,31.56682
naver_datalab,sensitive skin,2024-12-02,28.2258
naver_datalab,sensitive skin,2024-12-09,33.64055
naver_datalab,sensitive skin,2024-12-16,29.26267
naver_datalab,sensitive skin,2024-12-23,21.31336
naver_datalab,sensitive skin,2024-12-30,27.07373
naver_datalab,sensitive skin,2025-01-06,29.60829
naver_datalab,sensitive skin,2025-01-13,30.64516
naver_datalab,sensitive skin,2025-01-20,31.56682
naver_datalab,sensitive skin,2025-01-27,38.59447
naver_datalab,sensitive skin,2025-02-03,38.13364
naver_datalab,sensitive skin,2025-02-10,50.0
naver_datalab,sensitive skin,2025-02-17,45.3917
naver_datalab,sensitive skin,2025-02-24,45.50691
naver_datalab,sensitive skin,2025-03-03,44.47004
naver_datalab,sensitive skin,2025-03-10,31.56682
naver_datalab,sensitive skin,2025-03-17,29.7235
naver_datalab,sensitive skin,2025-03-24,28.2258
naver_datalab,sensitive skin,2025-03-31,28.91705
naver_datalab,sensitive skin,2025-04-07,30.99078
naver_datalab,sensitive skin,2025-04-14,28.2258
naver_datalab,sensitive skin,2025-04-21,26.72811
naver_datalab,sensitive skin,2025-04-28,26.72811
naver_datalab,sensitive skin,2025-05-05,29.8387
naver_datalab,sensitive skin,2025-05-12,31.56682
naver_datalab,sensitive skin,2025-05-19,28.2258
naver_datalab,sensitive skin,2025-05-26,27.76497
naver_datalab,sensitive skin,2025-06-02,29.03225
naver_datalab,sensitive skin,2025-06-09,27.07373
naver_datalab,sensitive skin,2025-06-16,22.0046
naver_datalab,sensitive skin,2025-06-23,19.47004
naver_datalab,sensitive skin,2025-06-30,21.8894
naver_datalab,sensitive skin,2025-07-07,21.08294
naver_datalab,sensitive skin,2025-07-14,23.38709
naver_datalab,sensitive skin,2025-07-21,27.18894
naver_datalab,sensitive skin,2025-07-28,29.26267
naver_datalab,sensitive skin,2025-08-04,31.79723
naver_datalab,sensitive skin,2025-08-11,32.8341
naver_datalab,sensitive skin,2025-08-18,33.29493
naver_datalab,sensitive skin,2025-08-25,37.5576
naver_datalab,sensitive skin,2025-09-01,25.46082
naver_datalab,sensitive skin,2025-09-08,23.38709
naver_datalab,sensitive skin,2025-09-15,23.15668
naver_datalab,sensitive skin,2025-09-22,18.7788
naver_datalab,sensitive skin,2025-09-29,17.16589
naver_datalab,sensitive skin,2025-10-06,23.96313
naver_datalab,sensitive skin,2025-10-13,21.65898
naver_datalab,sensitive skin,2025-10-20,24.07834
naver_datalab,sensitive skin,2025-10-27,19.00921
naver_datalab,sensitive skin,2025-11-03,23.15668
naver_datalab,sensitive skin,2025-11-10,20.85253
naver_datalab,sensitive skin,2025-11-17,21.08294
naver_datalab,sensitive skin,2025-11-24,20.04608
naver_datalab,sensitive skin,2025-12-01,25.0
naver_datalab,sensitive skin,2025-12-08,15.6682
naver_datalab,sensitive skin,2025-12-15,20.27649
naver_datalab,sensitive skin,2025-12-22,13.70967
naver_datalab,sensitive skin,2025-12-29,14.05529
naver_datalab,sensitive skin,2026-01-05,26.26728
naver_datalab,sensitive skin,2026-01-12,19.81566
naver_datalab,sensitive skin,2026-01-19,17.2811
naver_datalab,sensitive skin,2026-01-26,22.58064
naver_datalab,sensitive skin,2026-02-02,20.3917
naver_datalab,sensitive skin,2026-02-09,22.92626
naver_datalab,sensitive skin,2026-02-16,21.8894
naver_datalab,sensitive skin,2026-02-23,20.27649
naver_datalab,sensitive skin,2026-03-02,20.3917
naver_datalab,sensitive skin,2026-03-09,18.20276
naver_datalab,sensitive skin,2026-03-16,22.0046
naver_datalab,sensitive skin,2026-03-23,17.51152
naver_datalab,sensitive skin,2026-03-30,20.73732
naver_datalab,sensitive skin,2026-04-06,22.35023
naver_datalab,sensitive skin,2026-04-13,18.66359
naver_datalab,sensitive skin,2026-04-20,16.82027
naver_datalab,sensitive skin,2026-04-27,18.7788
naver_datalab,sensitive skin,2026-05-04,13.70967
naver_datalab,sensitive skin,2026-05-11,22.69585
naver_datalab,sensitive skin,2026-05-18,18.31797
naver_datalab,sensitive skin,2026-05-25,21.65898
naver_datalab,sensitive skin,2026-06-01,20.04608
naver_datalab,sensitive skin,2026-06-08,15.89861
naver_datalab,sensitive skin,2026-06-15,16.01382
naver_datalab,sensitive skin,2026-06-22,13.24884
naver_datalab,sensitive skin,2026-06-29,12.5576
naver_datalab,sensitive skin,2026-07-06,9.447
naver_datalab,sensitive skin,2026-07-13,13.13364
naver_datalab,sensitive skin,2026-07-20,13.13364
naver_datalab,glass skin,2024-07-22,49.53917
naver_datalab,glass skin,2024-07-29,53.80184
naver_datalab,glass skin,2024-08-05,61.29032
naver_datalab,glass skin,2024-08-12,59.10138
naver_datalab,glass skin,2024-08-19,58.06451
naver_datalab,glass skin,2024-08-26,64.86175
naver_datalab,glass skin,2024-09-02,61.63594
naver_datalab,glass skin,2024-09-09,54.26267
naver_datalab,glass skin,2024-09-16,49.76958
naver_datalab,glass skin,2024-09-23,58.87096
naver_datalab,glass skin,2024-09-30,70.27649
naver_datalab,glass skin,2024-10-07,79.95391
naver_datalab,glass skin,2024-10-14,67.51152
naver_datalab,glass skin,2024-10-21,66.58986
naver_datalab,glass skin,2024-10-28,70.3917
naver_datalab,glass skin,2024-11-04,77.07373
naver_datalab,glass skin,2024-11-11,82.71889
naver_datalab,glass skin,2024-11-18,84.33179
naver_datalab,glass skin,2024-11-25,80.64516
naver_datalab,glass skin,2024-12-02,88.24884
naver_datalab,glass skin,2024-12-09,92.85714
naver_datalab,glass skin,2024-12-16,94.00921
naver_datalab,glass skin,2024-12-23,97.23502
naver_datalab,glass skin,2024-12-30,94.93087
naver_datalab,glass skin,2025-01-06,95.62211
naver_datalab,glass skin,2025-01-13,92.74193
naver_datalab,glass skin,2025-01-20,81.3364
naver_datalab,glass skin,2025-01-27,84.56221
naver_datalab,glass skin,2025-02-03,83.75576
naver_datalab,glass skin,2025-02-10,75.80645
naver_datalab,glass skin,2025-02-17,81.22119
naver_datalab,glass skin,2025-02-24,94.81566
naver_datalab,glass skin,2025-03-03,100.0
naver_datalab,glass skin,2025-03-10,80.64516
naver_datalab,glass skin,2025-03-17,82.71889
naver_datalab,glass skin,2025-03-24,69.58525
naver_datalab,glass skin,2025-03-31,79.37788
naver_datalab,glass skin,2025-04-07,64.40092
naver_datalab,glass skin,2025-04-14,59.90783
naver_datalab,glass skin,2025-04-21,56.3364
naver_datalab,glass skin,2025-04-28,57.60368
naver_datalab,glass skin,2025-05-05,54.14746
naver_datalab,glass skin,2025-05-12,57.48847
naver_datalab,glass skin,2025-05-19,54.03225
naver_datalab,glass skin,2025-05-26,60.71428
naver_datalab,glass skin,2025-06-02,56.10599
naver_datalab,glass skin,2025-06-09,65.55299
naver_datalab,glass skin,2025-06-16,51.49769
naver_datalab,glass skin,2025-06-23,43.43317
naver_datalab,glass skin,2025-06-30,36.86635
naver_datalab,glass skin,2025-07-07,39.97695
naver_datalab,glass skin,2025-07-14,30.64516
naver_datalab,glass skin,2025-07-21,31.91244
naver_datalab,glass skin,2025-07-28,25.23041
naver_datalab,glass skin,2025-08-04,29.03225
naver_datalab,glass skin,2025-08-11,32.60368
naver_datalab,glass skin,2025-08-18,28.34101
naver_datalab,glass skin,2025-08-25,33.06451
naver_datalab,glass skin,2025-09-01,27.41935
naver_datalab,glass skin,2025-09-08,29.7235
naver_datalab,glass skin,2025-09-15,28.2258
naver_datalab,glass skin,2025-09-22,29.26267
naver_datalab,glass skin,2025-09-29,22.81105
naver_datalab,glass skin,2025-10-06,28.2258
naver_datalab,glass skin,2025-10-13,27.64976
naver_datalab,glass skin,2025-10-20,35.36866
naver_datalab,glass skin,2025-10-27,36.40552
naver_datalab,glass skin,2025-11-03,33.17972
naver_datalab,glass skin,2025-11-10,35.9447
naver_datalab,glass skin,2025-11-17,39.51612
naver_datalab,glass skin,2025-11-24,41.58986
naver_datalab,glass skin,2025-12-01,38.94009
naver_datalab,glass skin,2025-12-08,51.26728
naver_datalab,glass skin,2025-12-15,43.20276
naver_datalab,glass skin,2025-12-22,35.25345
naver_datalab,glass skin,2025-12-29,44.12442
naver_datalab,glass skin,2026-01-05,40.89861
naver_datalab,glass skin,2026-01-12,36.75115
naver_datalab,glass skin,2026-01-19,40.55299
naver_datalab,glass skin,2026-01-26,43.31797
naver_datalab,glass skin,2026-02-02,35.59907
naver_datalab,glass skin,2026-02-09,33.52534
naver_datalab,glass skin,2026-02-16,33.17972
naver_datalab,glass skin,2026-02-23,34.21658
naver_datalab,glass skin,2026-03-02,27.18894
naver_datalab,glass skin,2026-03-09,30.41474
naver_datalab,glass skin,2026-03-16,31.79723
naver_datalab,glass skin,2026-03-23,33.29493
naver_datalab,glass skin,2026-03-30,31.79723
naver_datalab,glass skin,2026-04-06,32.48847
naver_datalab,glass skin,2026-04-13,26.26728
naver_datalab,glass skin,2026-04-20,29.37788
naver_datalab,glass skin,2026-04-27,25.0
naver_datalab,glass skin,2026-05-04,24.30875
naver_datalab,glass skin,2026-05-11,22.46543
naver_datalab,glass skin,2026-05-18,20.04608
naver_datalab,glass skin,2026-05-25,23.96313
naver_datalab,glass skin,2026-06-01,19.12442
naver_datalab,glass skin,2026-06-08,18.66359
naver_datalab,glass skin,2026-06-15,18.54838
naver_datalab,glass skin,2026-06-22,22.0046
naver_datalab,glass skin,2026-06-29,19.23963
naver_datalab,glass skin,2026-07-06,16.58986
naver_datalab,glass skin,2026-07-13,15.6682
naver_datalab,glass skin,2026-07-20,15.43778
naver_datalab,glass skin,2026-07-27,3.2258
naver_datalab,anti aging skincare,2024-09-02,0.57603
naver_datalab,anti aging skincare,2026-03-09,0.69124
naver_datalab,acne skincare,2024-07-22,26.44135
naver_datalab,acne skincare,2024-07-29,28.82703
naver_datalab,acne skincare,2024-08-05,29.62226
naver_datalab,acne skincare,2024-08-12,33.99602
naver_datalab,acne skincare,2024-08-19,28.23061
naver_datalab,acne skincare,2024-08-26,30.21868
naver_datalab,acne skincare,2024-09-02,28.0318
naver_datalab,acne skincare,2024-09-09,26.44135
naver_datalab,acne skincare,2024-09-16,32.20675
naver_datalab,acne skincare,2024-09-23,27.63419
naver_datalab,acne skincare,2024-09-30,29.22465
naver_datalab,acne skincare,2024-10-07,32.20675
naver_datalab,acne skincare,2024-10-14,25.84493
naver_datalab,acne skincare,2024-10-21,23.06163
naver_datalab,acne skincare,2024-10-28,22.86282
naver_datalab,acne skincare,2024-11-04,24.65208
naver_datalab,acne skincare,2024-11-11,30.41749
naver_datalab,acne skincare,2024-11-18,31.80914
naver_datalab,acne skincare,2024-11-25,28.0318
naver_datalab,acne skincare,2024-12-02,26.44135
naver_datalab,acne skincare,2024-12-09,24.65208
naver_datalab,acne skincare,2024-12-16,19.6819
naver_datalab,acne skincare,2024-12-23,24.25447
naver_datalab,acne skincare,2024-12-30,20.07952
naver_datalab,acne skincare,2025-01-06,25.44731
naver_datalab,acne skincare,2025-01-13,23.45924
naver_datalab,acne skincare,2025-01-20,23.06163
naver_datalab,acne skincare,2025-01-27,41.94831
naver_datalab,acne skincare,2025-02-03,39.76143
naver_datalab,acne skincare,2025-02-10,33.00198
naver_datalab,acne skincare,2025-02-17,32.00795
naver_datalab,acne skincare,2025-02-24,30.21868
naver_datalab,acne skincare,2025-03-03,17.09741
naver_datalab,acne skincare,2025-03-10,17.49502
naver_datalab,acne skincare,2025-03-17,17.29622
naver_datalab,acne skincare,2025-03-24,11.92842
naver_datalab,acne skincare,2025-03-31,18.29025
naver_datalab,acne skincare,2025-04-07,16.10337
naver_datalab,acne skincare,2025-04-14,12.72365
naver_datalab,acne skincare,2025-04-21,19.28429
naver_datalab,acne skincare,2025-04-28,17.29622
naver_datalab,acne skincare,2025-05-05,21.86878
naver_datalab,acne skincare,2025-05-12,19.08548
naver_datalab,acne skincare,2025-05-19,14.31411
naver_datalab,acne skincare,2025-05-26,21.47117
naver_datalab,acne skincare,2025-06-02,19.6819
naver_datalab,acne skincare,2025-06-09,13.12127
naver_datalab,acne skincare,2025-06-16,14.51292
naver_datalab,acne skincare,2025-06-23,13.71769
naver_datalab,acne skincare,2025-06-30,13.71769
naver_datalab,acne skincare,2025-07-07,14.51292
naver_datalab,acne skincare,2025-07-14,22.4652
naver_datalab,acne skincare,2025-07-21,27.03777
naver_datalab,acne skincare,2025-07-28,25.0497
naver_datalab,acne skincare,2025-08-04,26.44135
naver_datalab,acne skincare,2025-08-11,26.64015
naver_datalab,acne skincare,2025-08-18,28.0318
naver_datalab,acne skincare,2025-08-25,25.64612
naver_datalab,acne skincare,2025-09-01,27.03777
naver_datalab,acne skincare,2025-09-08,21.47117
naver_datalab,acne skincare,2025-09-15,17.49502
naver_datalab,acne skincare,2025-09-22,15.50695
naver_datalab,acne skincare,2025-09-29,15.50695
naver_datalab,acne skincare,2025-10-06,17.49502
naver_datalab,acne skincare,2025-10-13,8.5487
naver_datalab,acne skincare,2025-10-20,13.51888
naver_datalab,acne skincare,2025-10-27,16.30218
naver_datalab,acne skincare,2025-11-03,20.87475
naver_datalab,acne skincare,2025-11-10,18.48906
naver_datalab,acne skincare,2025-11-17,18.29025
naver_datalab,acne skincare,2025-11-24,17.49502
naver_datalab,acne skincare,2025-12-01,16.6998
naver_datalab,acne skincare,2025-12-08,18.88667
naver_datalab,acne skincare,2025-12-15,17.29622
naver_datalab,acne skincare,2025-12-22,13.71769
naver_datalab,acne skincare,2025-12-29,20.27833
naver_datalab,acne skincare,2026-01-05,17.49502
naver_datalab,acne skincare,2026-01-12,21.66998
naver_datalab,acne skincare,2026-01-19,16.10337
naver_datalab,acne skincare,2026-01-26,16.30218
naver_datalab,acne skincare,2026-02-02,26.24254
naver_datalab,acne skincare,2026-02-09,18.29025
naver_datalab,acne skincare,2026-02-16,33.00198
naver_datalab,acne skincare,2026-02-23,27.23658
naver_datalab,acne skincare,2026-03-02,19.28429
naver_datalab,acne skincare,2026-03-09,17.69383
naver_datalab,acne skincare,2026-03-16,15.90457
naver_datalab,acne skincare,2026-03-23,11.53081
naver_datalab,acne skincare,2026-03-30,14.31411
naver_datalab,acne skincare,2026-04-06,9.74155
naver_datalab,acne skincare,2026-04-13,8.74751
naver_datalab,acne skincare,2026-04-20,12.72365
naver_datalab,acne skincare,2026-04-27,9.74155
naver_datalab,acne skincare,2026-05-04,10.93439
naver_datalab,acne skincare,2026-05-11,11.1332
naver_datalab,acne skincare,2026-05-18,10.13916
naver_datalab,acne skincare,2026-05-25,6.16302
naver_datalab,acne skincare,2026-06-01,8.94632
naver_datalab,acne skincare,2026-06-08,6.16302
naver_datalab,acne skincare,2026-06-15,4.37375
naver_datalab,acne skincare,2026-06-22,8.15109
naver_datalab,acne skincare,2026-06-29,13.12127
naver_datalab,acne skincare,2026-07-06,10.33797
naver_datalab,acne skincare,2026-07-13,11.92842
naver_datalab,acne skincare,2026-07-20,9.54274
naver_datalab,acne skincare,2026-07-27,1.59045
naver_datalab,brightening skincare,2024-08-26,0.99403
naver_datalab,brightening skincare,2025-01-20,0.99403
naver_datalab,brightening skincare,2025-02-24,0.99403
naver_datalab,brightening skincare,2025-05-26,0.99403
naver_datalab,brightening skincare,2025-06-02,0.99403
naver_datalab,brightening skincare,2025-07-14,0.99403
naver_datalab,brightening skincare,2025-08-18,0.99403
naver_datalab,brightening skincare,2026-03-16,0.99403
naver_datalab,brightening skincare,2026-03-23,0.99403
naver_datalab,PDRN skincare,2024-07-22,3.37972
naver_datalab,PDRN skincare,2024-07-29,2.58449
naver_datalab,PDRN skincare,2024-08-05,7.35586
naver_datalab,PDRN skincare,2024-08-12,2.38568
naver_datalab,PDRN skincare,2024-08-19,2.38568
naver_datalab,PDRN skincare,2024-08-26,6.75944
naver_datalab,PDRN skincare,2024-09-02,5.5666
naver_datalab,PDRN skincare,2024-09-09,9.14512
naver_datalab,PDRN skincare,2024-09-16,2.58449
naver_datalab,PDRN skincare,2024-09-23,11.53081
naver_datalab,PDRN skincare,2024-09-30,4.97017
naver_datalab,PDRN skincare,2024-10-07,8.5487
naver_datalab,PDRN skincare,2024-10-14,10.93439
naver_datalab,PDRN skincare,2024-10-21,10.73558
naver_datalab,PDRN skincare,2024-10-28,3.57852
naver_datalab,PDRN skincare,2024-11-04,13.51888
naver_datalab,PDRN skincare,2024-11-11,12.52485
naver_datalab,PDRN skincare,2024-11-18,11.53081
naver_datalab,PDRN skincare,2024-11-25,12.72365
naver_datalab,PDRN skincare,2024-12-02,12.32604
naver_datalab,PDRN skincare,2024-12-09,14.31411
naver_datalab,PDRN skincare,2024-12-16,7.75347
naver_datalab,PDRN skincare,2024-12-23,3.97614
naver_datalab,PDRN skincare,2024-12-30,11.1332
naver_datalab,PDRN skincare,2025-01-06,11.53081
naver_datalab,PDRN skincare,2025-01-13,11.92842
naver_datalab,PDRN skincare,2025-01-20,10.53677
naver_datalab,PDRN skincare,2025-01-27,7.35586
naver_datalab,PDRN skincare,2025-02-03,13.12127
naver_datalab,PDRN skincare,2025-02-10,17.09741
naver_datalab,PDRN skincare,2025-02-17,10.53677
naver_datalab,PDRN skincare,2025-02-24,14.31411
naver_datalab,PDRN skincare,2025-03-03,18.29025
naver_datalab,PDRN skincare,2025-03-10,15.30815
naver_datalab,PDRN skincare,2025-03-17,17.69383
naver_datalab,PDRN skincare,2025-03-24,10.33797
naver_datalab,PDRN skincare,2025-03-31,9.34393
naver_datalab,PDRN skincare,2025-04-07,11.92842
naver_datalab,PDRN skincare,2025-04-14,14.71172
naver_datalab,PDRN skincare,2025-04-21,33.79721
naver_datalab,PDRN skincare,2025-04-28,8.3499
naver_datalab,PDRN skincare,2025-05-05,8.74751
naver_datalab,PDRN skincare,2025-05-12,12.72365
naver_datalab,PDRN skincare,2025-05-19,13.51888
naver_datalab,PDRN skincare,2025-05-26,15.30815
naver_datalab,PDRN skincare,2025-06-02,10.53677
naver_datalab,PDRN skincare,2025-06-09,14.31411
naver_datalab,PDRN skincare,2025-06-16,11.53081
naver_datalab,PDRN skincare,2025-06-23,11.53081
naver_datalab,PDRN skincare,2025-06-30,13.12127
naver_datalab,PDRN skincare,2025-07-07,16.8986
naver_datalab,PDRN skincare,2025-07-14,14.31411
naver_datalab,PDRN skincare,2025-07-21,10.53677
naver_datalab,PDRN skincare,2025-07-28,8.74751
naver_datalab,PDRN skincare,2025-08-04,6.95825
naver_datalab,PDRN skincare,2025-08-11,9.94035
naver_datalab,PDRN skincare,2025-08-18,12.72365
naver_datalab,PDRN skincare,2025-08-25,18.68787
naver_datalab,PDRN skincare,2025-09-01,12.72365
naver_datalab,PDRN skincare,2025-09-08,16.50099
naver_datalab,PDRN skincare,2025-09-15,12.72365
naver_datalab,PDRN skincare,2025-09-22,23.26043
naver_datalab,PDRN skincare,2025-09-29,10.93439
naver_datalab,PDRN skincare,2025-10-06,6.36182
naver_datalab,PDRN skincare,2025-10-13,4.77137
naver_datalab,PDRN skincare,2025-10-20,7.35586
naver_datalab,PDRN skincare,2025-10-27,13.9165
naver_datalab,PDRN skincare,2025-11-03,20.87475
naver_datalab,PDRN skincare,2025-11-10,92.84294
naver_datalab,PDRN skincare,2025-11-17,73.55864
naver_datalab,PDRN skincare,2025-11-24,27.43538
naver_datalab,PDRN skincare,2025-12-01,15.30815
naver_datalab,PDRN skincare,2025-12-08,26.44135
naver_datalab,PDRN skincare,2025-12-15,12.52485
naver_datalab,PDRN skincare,2025-12-22,18.48906
naver_datalab,PDRN skincare,2025-12-29,14.71172
naver_datalab,PDRN skincare,2026-01-05,25.84493
naver_datalab,PDRN skincare,2026-01-12,19.08548
naver_datalab,PDRN skincare,2026-01-19,19.28429
naver_datalab,PDRN skincare,2026-01-26,22.06759
naver_datalab,PDRN skincare,2026-02-02,20.07952
naver_datalab,PDRN skincare,2026-02-09,18.88667
naver_datalab,PDRN skincare,2026-02-16,11.1332
naver_datalab,PDRN skincare,2026-02-23,9.34393
naver_datalab,PDRN skincare,2026-03-02,24.65208
naver_datalab,PDRN skincare,2026-03-09,16.6998
naver_datalab,PDRN skincare,2026-03-16,15.50695
naver_datalab,PDRN skincare,2026-03-23,65.80516
naver_datalab,PDRN skincare,2026-03-30,50.0994
naver_datalab,PDRN skincare,2026-04-06,9.14512
naver_datalab,PDRN skincare,2026-04-13,14.51292
naver_datalab,PDRN skincare,2026-04-20,20.27833
naver_datalab,PDRN skincare,2026-04-27,13.12127
naver_datalab,PDRN skincare,2026-05-04,12.52485
naver_datalab,PDRN skincare,2026-05-11,14.51292
naver_datalab,PDRN skincare,2026-05-18,11.332
naver_datalab,PDRN skincare,2026-05-25,13.71769
naver_datalab,PDRN skincare,2026-06-01,9.54274
naver_datalab,PDRN skincare,2026-06-08,21.66998
naver_datalab,PDRN skincare,2026-06-15,10.33797
naver_datalab,PDRN skincare,2026-06-22,10.33797
naver_datalab,PDRN skincare,2026-06-29,100.0
naver_datalab,PDRN skincare,2026-07-06,30.41749
naver_datalab,PDRN skincare,2026-07-13,66.99801
naver_datalab,PDRN skincare,2026-07-20,81.70974
naver_datalab,PDRN skincare,2026-07-27,4.17495
naver_datalab,exosome skincare,2024-07-22,22.66401
naver_datalab,exosome skincare,2024-07-29,33.00198
naver_datalab,exosome skincare,2024-08-05,42.74353
naver_datalab,exosome skincare,2024-08-12,24.45328
naver_datalab,exosome skincare,2024-08-19,26.83896
naver_datalab,exosome skincare,2024-08-26,30.8151
naver_datalab,exosome skincare,2024-09-02,21.66998
naver_datalab,exosome skincare,2024-09-09,22.4652
naver_datalab,exosome skincare,2024-09-16,17.69383
naver_datalab,exosome skincare,2024-09-23,25.2485
naver_datalab,exosome skincare,2024-09-30,19.6819
naver_datalab,exosome skincare,2024-10-07,22.4652
naver_datalab,exosome skincare,2024-10-14,24.65208
naver_datalab,exosome skincare,2024-10-21,22.86282
naver_datalab,exosome skincare,2024-10-28,34.19483
naver_datalab,exosome skincare,2024-11-04,23.85685
naver_datalab,exosome skincare,2024-11-11,28.42942
naver_datalab,exosome skincare,2024-11-18,26.24254
naver_datalab,exosome skincare,2024-11-25,28.0318
naver_datalab,exosome skincare,2024-12-02,28.0318
naver_datalab,exosome skincare,2024-12-09,28.0318
naver_datalab,exosome skincare,2024-12-16,24.65208
naver_datalab,exosome skincare,2024-12-23,18.68787
naver_datalab,exosome skincare,2024-12-30,19.6819
naver_datalab,exosome skincare,2025-01-06,23.65805
naver_datalab,exosome skincare,2025-01-13,27.833
naver_datalab,exosome skincare,2025-01-20,31.01391
naver_datalab,exosome skincare,2025-01-27,15.50695
naver_datalab,exosome skincare,2025-02-03,19.28429
naver_datalab,exosome skincare,2025-02-10,27.63419
naver_datalab,exosome skincare,2025-02-17,19.88071
naver_datalab,exosome skincare,2025-02-24,22.86282
naver_datalab,exosome skincare,2025-03-03,20.27833
naver_datalab,exosome skincare,2025-03-10,23.85685
naver_datalab,exosome skincare,2025-03-17,26.24254
naver_datalab,exosome skincare,2025-03-24,30.01988
naver_datalab,exosome skincare,2025-03-31,20.47713
naver_datalab,exosome skincare,2025-04-07,24.65208
naver_datalab,exosome skincare,2025-04-14,15.90457
naver_datalab,exosome skincare,2025-04-21,21.27236
naver_datalab,exosome skincare,2025-04-28,19.6819
naver_datalab,exosome skincare,2025-05-05,22.66401
naver_datalab,exosome skincare,2025-05-12,19.88071
naver_datalab,exosome skincare,2025-05-19,24.65208
naver_datalab,exosome skincare,2025-05-26,17.29622
naver_datalab,exosome skincare,2025-06-02,28.42942
naver_datalab,exosome skincare,2025-06-09,22.2664
naver_datalab,exosome skincare,2025-06-16,20.87475
naver_datalab,exosome skincare,2025-06-23,16.30218
naver_datalab,exosome skincare,2025-06-30,16.10337
naver_datalab,exosome skincare,2025-07-07,19.08548
naver_datalab,exosome skincare,2025-07-14,21.07355
naver_datalab,exosome skincare,2025-07-21,22.2664
naver_datalab,exosome skincare,2025-07-28,17.29622
naver_datalab,exosome skincare,2025-08-04,10.93439
naver_datalab,exosome skincare,2025-08-11,12.12723
naver_datalab,exosome skincare,2025-08-18,26.24254
naver_datalab,exosome skincare,2025-08-25,21.66998
naver_datalab,exosome skincare,2025-09-01,23.26043
naver_datalab,exosome skincare,2025-09-08,17.09741
naver_datalab,exosome skincare,2025-09-15,24.65208
naver_datalab,exosome skincare,2025-09-22,22.2664
naver_datalab,exosome skincare,2025-09-29,14.1153
naver_datalab,exosome skincare,2025-10-06,5.16898
naver_datalab,exosome skincare,2025-10-13,18.68787
naver_datalab,exosome skincare,2025-10-20,15.30815
naver_datalab,exosome skincare,2025-10-27,14.31411
naver_datalab,exosome skincare,2025-11-03,15.10934
naver_datalab,exosome skincare,2025-11-10,14.91053
naver_datalab,exosome skincare,2025-11-17,12.92246
naver_datalab,exosome skincare,2025-11-24,51.09343
naver_datalab,exosome skincare,2025-12-01,12.32604
naver_datalab,exosome skincare,2025-12-08,19.4831
naver_datalab,exosome skincare,2025-12-15,17.89264
naver_datalab,exosome skincare,2025-12-22,15.50695
naver_datalab,exosome skincare,2025-12-29,14.71172
naver_datalab,exosome skincare,2026-01-05,19.28429
naver_datalab,exosome skincare,2026-01-12,23.65805
naver_datalab,exosome skincare,2026-01-19,17.09741
naver_datalab,exosome skincare,2026-01-26,18.48906
naver_datalab,exosome skincare,2026-02-02,18.09145
naver_datalab,exosome skincare,2026-02-09,16.30218
naver_datalab,exosome skincare,2026-02-16,3.77733
naver_datalab,exosome skincare,2026-02-23,13.51888
naver_datalab,exosome skincare,2026-03-02,11.92842
naver_datalab,exosome skincare,2026-03-09,16.6998
naver_datalab,exosome skincare,2026-03-16,14.1153
naver_datalab,exosome skincare,2026-03-23,9.74155
naver_datalab,exosome skincare,2026-03-30,18.68787
naver_datalab,exosome skincare,2026-04-06,12.32604
naver_datalab,exosome skincare,2026-04-13,15.50695
naver_datalab,exosome skincare,2026-04-20,19.4831
naver_datalab,exosome skincare,2026-04-27,15.70576
naver_datalab,exosome skincare,2026-05-04,7.55467
naver_datalab,exosome skincare,2026-05-11,9.54274
naver_datalab,exosome skincare,2026-05-18,14.1153
naver_datalab,exosome skincare,2026-05-25,3.37972
naver_datalab,exosome skincare,2026-06-01,8.94632
naver_datalab,exosome skincare,2026-06-08,8.74751
naver_datalab,exosome skincare,2026-06-15,17.49502
naver_datalab,exosome skincare,2026-06-22,15.10934
naver_datalab,exosome skincare,2026-06-29,8.5487
naver_datalab,exosome skincare,2026-07-06,6.36182
naver_datalab,exosome skincare,2026-07-13,5.7654
naver_datalab,exosome skincare,2026-07-20,5.36779
naver_datalab,exosome skincare,2026-07-27,1.39165
naver_datalab,ectoin skincare,2025-04-07,14.03508
naver_datalab,ectoin skincare,2025-11-24,8.77192
naver_datalab,ectoin skincare,2025-12-15,8.77192
naver_datalab,panthenol skincare,2024-07-22,17.54385
naver_datalab,panthenol skincare,2024-08-19,12.2807
naver_datalab,panthenol skincare,2024-08-26,21.05263
naver_datalab,panthenol skincare,2024-09-02,19.29824
naver_datalab,panthenol skincare,2024-09-09,10.52631
naver_datalab,panthenol skincare,2024-09-16,19.29824
naver_datalab,panthenol skincare,2024-09-30,22.80701
naver_datalab,panthenol skincare,2024-10-07,24.5614
naver_datalab,panthenol skincare,2024-10-14,12.2807
naver_datalab,panthenol skincare,2024-10-21,47.36842
naver_datalab,panthenol skincare,2024-11-04,8.77192
naver_datalab,panthenol skincare,2024-11-11,47.36842
naver_datalab,panthenol skincare,2024-11-18,10.52631
naver_datalab,panthenol skincare,2024-12-16,17.54385
naver_datalab,panthenol skincare,2024-12-23,12.2807
naver_datalab,panthenol skincare,2025-01-13,21.05263
naver_datalab,panthenol skincare,2025-01-20,10.52631
naver_datalab,panthenol skincare,2025-02-03,31.57894
naver_datalab,panthenol skincare,2025-02-10,8.77192
naver_datalab,panthenol skincare,2025-02-17,28.07017
naver_datalab,panthenol skincare,2025-02-24,38.59649
naver_datalab,panthenol skincare,2025-03-03,10.52631
naver_datalab,panthenol skincare,2025-03-17,8.77192
naver_datalab,panthenol skincare,2025-03-31,12.2807
naver_datalab,panthenol skincare,2025-04-07,10.52631
naver_datalab,panthenol skincare,2025-04-21,19.29824
naver_datalab,panthenol skincare,2025-06-09,8.77192
naver_datalab,panthenol skincare,2025-06-16,21.05263
naver_datalab,panthenol skincare,2025-06-23,8.77192
naver_datalab,panthenol skincare,2025-06-30,8.77192
naver_datalab,panthenol skincare,2025-07-07,8.77192
naver_datalab,panthenol skincare,2025-07-21,8.77192
naver_datalab,panthenol skincare,2025-07-28,8.77192
naver_datalab,panthenol skincare,2025-08-11,10.52631
naver_datalab,panthenol skincare,2025-09-01,8.77192
naver_datalab,panthenol skincare,2025-09-08,8.77192
naver_datalab,panthenol skincare,2025-09-15,10.52631
naver_datalab,panthenol skincare,2025-11-03,17.54385
naver_datalab,panthenol skincare,2025-11-10,8.77192
naver_datalab,panthenol skincare,2025-11-17,8.77192
naver_datalab,panthenol skincare,2026-01-05,21.05263
naver_datalab,panthenol skincare,2026-01-19,21.05263
naver_datalab,panthenol skincare,2026-02-02,17.54385
naver_datalab,panthenol skincare,2026-02-23,8.77192
naver_datalab,panthenol skincare,2026-04-13,31.57894
naver_datalab,panthenol skincare,2026-04-20,8.77192
naver_datalab,panthenol skincare,2026-04-27,61.4035
naver_datalab,panthenol skincare,2026-05-04,21.05263
naver_datalab,panthenol skincare,2026-05-11,10.52631
naver_datalab,panthenol skincare,2026-05-18,28.07017
naver_datalab,panthenol skincare,2026-05-25,10.52631
naver_datalab,panthenol skincare,2026-06-01,8.77192
naver_datalab,panthenol skincare,2026-06-08,8.77192
naver_datalab,panthenol skincare,2026-07-06,10.52631
naver_datalab,ceramide skincare,2024-12-09,19.29824
naver_datalab,ceramide skincare,2024-12-23,94.73684
naver_datalab,ceramide skincare,2025-01-06,8.77192
naver_datalab,ceramide skincare,2025-01-20,8.77192
naver_datalab,ceramide skincare,2025-01-27,36.8421
naver_datalab,ceramide skincare,2025-02-24,21.05263
naver_datalab,ceramide skincare,2025-03-17,22.80701
naver_datalab,ceramide skincare,2025-04-07,17.54385
naver_datalab,ceramide skincare,2025-05-05,8.77192
naver_datalab,ceramide skincare,2025-06-30,14.03508
naver_datalab,ceramide skincare,2025-07-28,8.77192
naver_datalab,ceramide skincare,2025-09-01,8.77192
naver_datalab,ceramide skincare,2025-10-06,8.77192
naver_datalab,ceramide skincare,2025-11-24,8.77192
naver_datalab,ceramide skincare,2026-01-12,12.2807
naver_datalab,ceramide skincare,2026-01-19,12.2807
naver_datalab,ceramide skincare,2026-02-09,12.2807
naver_datalab,ceramide skincare,2026-02-16,10.52631
naver_datalab,ceramide skincare,2026-02-23,8.77192
naver_datalab,ceramide skincare,2026-03-09,100.0
naver_datalab,ceramide skincare,2026-03-16,8.77192
naver_datalab,ceramide skincare,2026-03-23,10.52631
naver_datalab,azelaic acid skincare,2024-10-07,8.77192
naver_datalab,azelaic acid skincare,2025-11-17,8.77192
naver_datalab,azelaic acid skincare,2026-04-27,10.52631
naver_datalab,azelaic acid skincare,2026-05-18,8.77192
naver_datalab,azelaic acid skincare,2026-06-01,8.77192
naver_datalab,azelaic acid skincare,2026-06-15,17.54385
naver_datalab,tranexamic acid skincare,2024-07-22,33.33333
naver_datalab,tranexamic acid skincare,2024-08-12,26.31578
naver_datalab,tranexamic acid skincare,2024-08-19,33.33333
naver_datalab,tranexamic acid skincare,2024-08-26,8.77192
naver_datalab,tranexamic acid skincare,2024-09-02,54.38596
naver_datalab,tranexamic acid skincare,2024-09-09,15.78947
naver_datalab,tranexamic acid skincare,2024-09-16,8.77192
naver_datalab,tranexamic acid skincare,2024-09-30,19.29824
naver_datalab,tranexamic acid skincare,2024-10-07,14.03508
naver_datalab,tranexamic acid skincare,2024-10-14,10.52631
naver_datalab,tranexamic acid skincare,2024-10-21,8.77192
naver_datalab,tranexamic acid skincare,2024-11-18,12.2807
naver_datalab,tranexamic acid skincare,2024-11-25,8.77192
naver_datalab,tranexamic acid skincare,2024-12-16,24.5614
naver_datalab,tranexamic acid skincare,2025-01-13,12.2807
naver_datalab,tranexamic acid skincare,2025-01-20,12.2807
naver_datalab,tranexamic acid skincare,2025-01-27,70.17543
naver_datalab,tranexamic acid skincare,2025-02-03,36.8421
naver_datalab,tranexamic acid skincare,2025-02-24,38.59649
naver_datalab,tranexamic acid skincare,2025-03-10,8.77192
naver_datalab,tranexamic acid skincare,2025-03-24,26.31578
naver_datalab,tranexamic acid skincare,2025-05-05,50.87719
naver_datalab,tranexamic acid skincare,2025-05-12,68.42105
naver_datalab,tranexamic acid skincare,2025-05-26,47.36842
naver_datalab,tranexamic acid skincare,2025-06-09,64.91228
naver_datalab,tranexamic acid skincare,2025-06-16,8.77192
naver_datalab,tranexamic acid skincare,2025-06-23,19.29824
naver_datalab,tranexamic acid skincare,2025-07-21,17.54385
naver_datalab,tranexamic acid skincare,2025-07-28,59.64912
naver_datalab,tranexamic acid skincare,2025-08-11,8.77192
naver_datalab,tranexamic acid skincare,2025-08-25,19.29824
naver_datalab,tranexamic acid skincare,2025-09-08,12.2807
naver_datalab,tranexamic acid skincare,2025-09-15,8.77192
naver_datalab,tranexamic acid skincare,2025-09-22,10.52631
naver_datalab,tranexamic acid skincare,2025-10-06,33.33333
naver_datalab,tranexamic acid skincare,2025-11-10,8.77192
naver_datalab,tranexamic acid skincare,2025-11-17,28.07017
naver_datalab,tranexamic acid skincare,2025-11-24,19.29824
naver_datalab,tranexamic acid skincare,2025-12-01,28.07017
naver_datalab,tranexamic acid skincare,2025-12-08,15.78947
naver_datalab,tranexamic acid skincare,2025-12-29,38.59649
naver_datalab,tranexamic acid skincare,2026-01-05,40.35087
naver_datalab,tranexamic acid skincare,2026-02-02,28.07017
naver_datalab,tranexamic acid skincare,2026-02-16,19.29824
naver_datalab,tranexamic acid skincare,2026-03-09,14.03508
naver_datalab,tranexamic acid skincare,2026-03-16,8.77192
naver_datalab,tranexamic acid skincare,2026-03-30,14.03508
naver_datalab,tranexamic acid skincare,2026-04-13,15.78947
naver_datalab,tranexamic acid skincare,2026-05-25,10.52631
naver_datalab,tranexamic acid skincare,2026-06-08,8.77192
naver_datalab,tranexamic acid skincare,2026-07-20,22.80701
naver_datalab,korean serum,2024-07-22,59.15009
naver_datalab,korean serum,2024-07-29,54.59312
naver_datalab,korean serum,2024-08-05,55.06329
naver_datalab,korean serum,2024-08-12,55.87703
naver_datalab,korean serum,2024-08-19,59.11392
naver_datalab,korean serum,2024-08-26,61.79023
naver_datalab,korean serum,2024-09-02,66.54611
naver_datalab,korean serum,2024-09-09,50.75949
naver_datalab,korean serum,2024-09-16,51.33815
naver_datalab,korean serum,2024-09-23,56.61844
naver_datalab,korean serum,2024-09-30,58.71609
naver_datalab,korean serum,2024-10-07,60.68716
naver_datalab,korean serum,2024-10-14,66.05786
naver_datalab,korean serum,2024-10-21,60.09041
naver_datalab,korean serum,2024-10-28,61.22965
naver_datalab,korean serum,2024-11-04,68.96925
naver_datalab,korean serum,2024-11-11,67.66726
naver_datalab,korean serum,2024-11-18,69.69258
naver_datalab,korean serum,2024-11-25,63.99638
naver_datalab,korean serum,2024-12-02,73.12839
naver_datalab,korean serum,2024-12-09,67.54068
naver_datalab,korean serum,2024-12-16,62.31464
naver_datalab,korean serum,2024-12-23,59.16817
naver_datalab,korean serum,2024-12-30,58.49909
naver_datalab,korean serum,2025-01-06,66.45569
naver_datalab,korean serum,2025-01-13,68.19168
naver_datalab,korean serum,2025-01-20,64.10488
naver_datalab,korean serum,2025-01-27,64.39421
naver_datalab,korean serum,2025-02-03,68.33634
naver_datalab,korean serum,2025-02-10,65.46112
naver_datalab,korean serum,2025-02-17,62.04339
naver_datalab,korean serum,2025-02-24,79.31283
naver_datalab,korean serum,2025-03-03,85.89511
naver_datalab,korean serum,2025-03-10,79.783
naver_datalab,korean serum,2025-03-17,73.83363
naver_datalab,korean serum,2025-03-24,75.11754
naver_datalab,korean serum,2025-03-31,82.00723
naver_datalab,korean serum,2025-04-07,70.0
naver_datalab,korean serum,2025-04-14,59.94575
naver_datalab,korean serum,2025-04-21,68.69801
naver_datalab,korean serum,2025-04-28,69.52983
naver_datalab,korean serum,2025-05-05,71.91681
naver_datalab,korean serum,2025-05-12,62.29656
naver_datalab,korean serum,2025-05-19,48.95117
naver_datalab,korean serum,2025-05-26,51.1754
naver_datalab,korean serum,2025-06-02,52.62206
naver_datalab,korean serum,2025-06-09,43.6528
naver_datalab,korean serum,2025-06-16,42.51356
naver_datalab,korean serum,2025-06-23,40.09041
naver_datalab,korean serum,2025-06-30,41.88065
naver_datalab,korean serum,2025-07-07,42.76672
naver_datalab,korean serum,2025-07-14,40.57866
naver_datalab,korean serum,2025-07-21,40.34358
naver_datalab,korean serum,2025-07-28,43.72513
naver_datalab,korean serum,2025-08-04,46.67269
naver_datalab,korean serum,2025-08-11,43.38155
naver_datalab,korean serum,2025-08-18,44.8282
naver_datalab,korean serum,2025-08-25,53.41772
naver_datalab,korean serum,2025-09-01,48.17359
naver_datalab,korean serum,2025-09-08,41.91681
naver_datalab,korean serum,2025-09-15,42.06148
naver_datalab,korean serum,2025-09-22,42.22423
naver_datalab,korean serum,2025-09-29,36.78119
naver_datalab,korean serum,2025-10-06,38.73417
naver_datalab,korean serum,2025-10-13,42.35081
naver_datalab,korean serum,2025-10-20,44.81012
naver_datalab,korean serum,2025-10-27,53.99638
naver_datalab,korean serum,2025-11-03,56.07594
naver_datalab,korean serum,2025-11-10,46.65461
naver_datalab,korean serum,2025-11-17,45.20795
naver_datalab,korean serum,2025-11-24,53.72513
naver_datalab,korean serum,2025-12-01,60.79566
naver_datalab,korean serum,2025-12-08,48.77034
naver_datalab,korean serum,2025-12-15,47.25135
naver_datalab,korean serum,2025-12-22,43.88788
naver_datalab,korean serum,2025-12-29,44.95479
naver_datalab,korean serum,2026-01-05,51.19349
naver_datalab,korean serum,2026-01-12,50.47016
naver_datalab,korean serum,2026-01-19,49.349
naver_datalab,korean serum,2026-01-26,52.35081
naver_datalab,korean serum,2026-02-02,48.26401
naver_datalab,korean serum,2026-02-09,46.38336
naver_datalab,korean serum,2026-02-16,45.46112
naver_datalab,korean serum,2026-02-23,49.25858
naver_datalab,korean serum,2026-03-02,49.74683
naver_datalab,korean serum,2026-03-09,45.96745
naver_datalab,korean serum,2026-03-16,45.1537
naver_datalab,korean serum,2026-03-23,57.88426
naver_datalab,korean serum,2026-03-30,62.26039
naver_datalab,korean serum,2026-04-06,58.67992
naver_datalab,korean serum,2026-04-13,54.24954
naver_datalab,korean serum,2026-04-20,55.31645
naver_datalab,korean serum,2026-04-27,49.74683
naver_datalab,korean serum,2026-05-04,45.67811
naver_datalab,korean serum,2026-05-11,40.16274
naver_datalab,korean serum,2026-05-18,37.64918
naver_datalab,korean serum,2026-05-25,39.83725
naver_datalab,korean serum,2026-06-01,40.88607
naver_datalab,korean serum,2026-06-08,35.08137
naver_datalab,korean serum,2026-06-15,31.75406
naver_datalab,korean serum,2026-06-22,32.22423
naver_datalab,korean serum,2026-06-29,34.28571
naver_datalab,korean serum,2026-07-06,31.95298
naver_datalab,korean serum,2026-07-13,29.566
naver_datalab,korean serum,2026-07-20,32.96564
naver_datalab,korean serum,2026-07-27,4.90054
naver_datalab,korean ampoule,2024-07-22,63.67088
naver_datalab,korean ampoule,2024-07-29,63.70705
naver_datalab,korean ampoule,2024-08-05,67.70343
naver_datalab,korean ampoule,2024-08-12,68.39059
naver_datalab,korean ampoule,2024-08-19,70.30741
naver_datalab,korean ampoule,2024-08-26,72.62206
naver_datalab,korean ampoule,2024-09-02,74.10488
naver_datalab,korean ampoule,2024-09-09,61.53707
naver_datalab,korean ampoule,2024-09-16,57.66726
naver_datalab,korean ampoule,2024-09-23,76.78119
naver_datalab,korean ampoule,2024-09-30,70.54249
naver_datalab,korean ampoule,2024-10-07,67.0886
naver_datalab,korean ampoule,2024-10-14,75.24412
naver_datalab,korean ampoule,2024-10-21,70.09041
naver_datalab,korean ampoule,2024-10-28,76.74502
naver_datalab,korean ampoule,2024-11-04,79.94575
naver_datalab,korean ampoule,2024-11-11,76.70886
naver_datalab,korean ampoule,2024-11-18,80.52441
naver_datalab,korean ampoule,2024-11-25,75.8047
naver_datalab,korean ampoule,2024-12-02,75.28028
naver_datalab,korean ampoule,2024-12-09,100.0
naver_datalab,korean ampoule,2024-12-16,69.05967
naver_datalab,korean ampoule,2024-12-23,64.30379
naver_datalab,korean ampoule,2024-12-30,65.67811
naver_datalab,korean ampoule,2025-01-06,75.08137
naver_datalab,korean ampoule,2025-01-13,77.59493
naver_datalab,korean ampoule,2025-01-20,73.79746
naver_datalab,korean ampoule,2025-01-27,64.68354
naver_datalab,korean ampoule,2025-02-03,76.99819
naver_datalab,korean ampoule,2025-02-10,75.87703
naver_datalab,korean ampoule,2025-02-17,72.76672
naver_datalab,korean ampoule,2025-02-24,85.82278
naver_datalab,korean ampoule,2025-03-03,92.62206
naver_datalab,korean ampoule,2025-03-10,92.85714
naver_datalab,korean ampoule,2025-03-17,83.05605
naver_datalab,korean ampoule,2025-03-24,82.82097
naver_datalab,korean ampoule,2025-03-31,83.39963
naver_datalab,korean ampoule,2025-04-07,76.22061
naver_datalab,korean ampoule,2025-04-14,66.31103
naver_datalab,korean ampoule,2025-04-21,77.99276
naver_datalab,korean ampoule,2025-04-28,75.62386
naver_datalab,korean ampoule,2025-05-05,76.09403
naver_datalab,korean ampoule,2025-05-12,70.52441
naver_datalab,korean ampoule,2025-05-19,57.92043
naver_datalab,korean ampoule,2025-05-26,58.04701
naver_datalab,korean ampoule,2025-06-02,54.53887
naver_datalab,korean ampoule,2025-06-09,54.24954
naver_datalab,korean ampoule,2025-06-16,48.28209
naver_datalab,korean ampoule,2025-06-23,48.11934
naver_datalab,korean ampoule,2025-06-30,46.65461
naver_datalab,korean ampoule,2025-07-07,48.55334
naver_datalab,korean ampoule,2025-07-14,48.98734
naver_datalab,korean ampoule,2025-07-21,49.0235
naver_datalab,korean ampoule,2025-07-28,48.37251
naver_datalab,korean ampoule,2025-08-04,52.92947
naver_datalab,korean ampoule,2025-08-11,50.99457
naver_datalab,korean ampoule,2025-08-18,49.2405
naver_datalab,korean ampoule,2025-08-25,52.82097
naver_datalab,korean ampoule,2025-09-01,51.6094
naver_datalab,korean ampoule,2025-09-08,47.16094
naver_datalab,korean ampoule,2025-09-15,49.69258
naver_datalab,korean ampoule,2025-09-22,49.132
naver_datalab,korean ampoule,2025-09-29,42.71247
naver_datalab,korean ampoule,2025-10-06,38.06509
naver_datalab,korean ampoule,2025-10-13,48.69801
naver_datalab,korean ampoule,2025-10-20,51.48282
naver_datalab,korean ampoule,2025-10-27,53.16455
naver_datalab,korean ampoule,2025-11-03,53.7613
naver_datalab,korean ampoule,2025-11-10,52.65822
naver_datalab,korean ampoule,2025-11-17,55.02712
naver_datalab,korean ampoule,2025-11-24,60.32549
naver_datalab,korean ampoule,2025-12-01,68.78842
naver_datalab,korean ampoule,2025-12-08,66.16636
naver_datalab,korean ampoule,2025-12-15,61.8264
naver_datalab,korean ampoule,2025-12-22,59.58408
naver_datalab,korean ampoule,2025-12-29,64.05063
naver_datalab,korean ampoule,2026-01-05,74.08679
naver_datalab,korean ampoule,2026-01-12,69.22242
naver_datalab,korean ampoule,2026-01-19,63.23688
naver_datalab,korean ampoule,2026-01-26,67.61301
naver_datalab,korean ampoule,2026-02-02,65.1537
naver_datalab,korean ampoule,2026-02-09,66.74502
naver_datalab,korean ampoule,2026-02-16,65.5877
naver_datalab,korean ampoule,2026-02-23,64.06871
naver_datalab,korean ampoule,2026-03-02,62.83905
naver_datalab,korean ampoule,2026-03-09,61.26582
naver_datalab,korean ampoule,2026-03-16,58.53526
naver_datalab,korean ampoule,2026-03-23,60.63291
naver_datalab,korean ampoule,2026-03-30,57.61301
naver_datalab,korean ampoule,2026-04-06,53.5443
naver_datalab,korean ampoule,2026-04-13,50.79566
naver_datalab,korean ampoule,2026-04-20,51.33815
naver_datalab,korean ampoule,2026-04-27,48.19168
naver_datalab,korean ampoule,2026-05-04,44.8282
naver_datalab,korean ampoule,2026-05-11,45.8047
naver_datalab,korean ampoule,2026-05-18,45.93128
naver_datalab,korean ampoule,2026-05-25,40.50632
naver_datalab,korean ampoule,2026-06-01,40.68716
naver_datalab,korean ampoule,2026-06-08,35.85895
naver_datalab,korean ampoule,2026-06-15,44.19529
naver_datalab,korean ampoule,2026-06-22,49.07775
naver_datalab,korean ampoule,2026-06-29,46.54611
naver_datalab,korean ampoule,2026-07-06,44.26763
naver_datalab,korean ampoule,2026-07-13,42.06148
naver_datalab,korean ampoule,2026-07-20,34.48462
naver_datalab,korean ampoule,2026-07-27,5.20795
naver_datalab,korean toner pads,2024-07-22,55.2622
naver_datalab,korean toner pads,2024-07-29,58.915
naver_datalab,korean toner pads,2024-08-05,60.92224
naver_datalab,korean toner pads,2024-08-12,62.31464
naver_datalab,korean toner pads,2024-08-19,63.59855
naver_datalab,korean toner pads,2024-08-26,70.48824
naver_datalab,korean toner pads,2024-09-02,63.96021
naver_datalab,korean toner pads,2024-09-09,47.37793
naver_datalab,korean toner pads,2024-09-16,47.83001
naver_datalab,korean toner pads,2024-09-23,47.59493
naver_datalab,korean toner pads,2024-09-30,52.24231
naver_datalab,korean toner pads,2024-10-07,50.63291
naver_datalab,korean toner pads,2024-10-14,50.23508
naver_datalab,korean toner pads,2024-10-21,47.93851
naver_datalab,korean toner pads,2024-10-28,50.56057
naver_datalab,korean toner pads,2024-11-04,48.87884
naver_datalab,korean toner pads,2024-11-11,43.18264
naver_datalab,korean toner pads,2024-11-18,40.48824
naver_datalab,korean toner pads,2024-11-25,45.4792
naver_datalab,korean toner pads,2024-12-02,51.73598
naver_datalab,korean toner pads,2024-12-09,46.88969
naver_datalab,korean toner pads,2024-12-16,44.14104
naver_datalab,korean toner pads,2024-12-23,40.99457
naver_datalab,korean toner pads,2024-12-30,41.51898
naver_datalab,korean toner pads,2025-01-06,45.20795
naver_datalab,korean toner pads,2025-01-13,56.85352
naver_datalab,korean toner pads,2025-01-20,48.62567
naver_datalab,korean toner pads,2025-01-27,49.62025
naver_datalab,korean toner pads,2025-02-03,61.32007
naver_datalab,korean toner pads,2025-02-10,67.66726
naver_datalab,korean toner pads,2025-02-17,63.6528
naver_datalab,korean toner pads,2025-02-24,67.6311
naver_datalab,korean toner pads,2025-03-03,63.03797
naver_datalab,korean toner pads,2025-03-10,59.16817
naver_datalab,korean toner pads,2025-03-17,54.12296
naver_datalab,korean toner pads,2025-03-24,54.90054
naver_datalab,korean toner pads,2025-03-31,63.0018
naver_datalab,korean toner pads,2025-04-07,58.11934
naver_datalab,korean toner pads,2025-04-14,48.60759
naver_datalab,korean toner pads,2025-04-21,44.55696
naver_datalab,korean toner pads,2025-04-28,41.97106
naver_datalab,korean toner pads,2025-05-05,46.41952
naver_datalab,korean toner pads,2025-05-12,44.91862
naver_datalab,korean toner pads,2025-05-19,46.29294
naver_datalab,korean toner pads,2025-05-26,48.17359
naver_datalab,korean toner pads,2025-06-02,48.8065
naver_datalab,korean toner pads,2025-06-09,41.51898
naver_datalab,korean toner pads,2025-06-16,41.91681
naver_datalab,korean toner pads,2025-06-23,38.8065
naver_datalab,korean toner pads,2025-06-30,42.45931
naver_datalab,korean toner pads,2025-07-07,44.50271
naver_datalab,korean toner pads,2025-07-14,44.9367
naver_datalab,korean toner pads,2025-07-21,46.32911
naver_datalab,korean toner pads,2025-07-28,49.27667
naver_datalab,korean toner pads,2025-08-04,49.65641
naver_datalab,korean toner pads,2025-08-11,47.05244
naver_datalab,korean toner pads,2025-08-18,48.66184
naver_datalab,korean toner pads,2025-08-25,56.18444
naver_datalab,korean toner pads,2025-09-01,50.27124
naver_datalab,korean toner pads,2025-09-08,42.40506
naver_datalab,korean toner pads,2025-09-15,41.03074
naver_datalab,korean toner pads,2025-09-22,36.07594
naver_datalab,korean toner pads,2025-09-29,29.76491
naver_datalab,korean toner pads,2025-10-06,32.36889
naver_datalab,korean toner pads,2025-10-13,35.55153
naver_datalab,korean toner pads,2025-10-20,33.1103
naver_datalab,korean toner pads,2025-10-27,38.78842
naver_datalab,korean toner pads,2025-11-03,36.56419
naver_datalab,korean toner pads,2025-11-10,34.26763
naver_datalab,korean toner pads,2025-11-17,32.04339
naver_datalab,korean toner pads,2025-11-24,38.51717
naver_datalab,korean toner pads,2025-12-01,42.18806
naver_datalab,korean toner pads,2025-12-08,33.81555
naver_datalab,korean toner pads,2025-12-15,34.06871
naver_datalab,korean toner pads,2025-12-22,28.48101
naver_datalab,korean toner pads,2025-12-29,27.81193
naver_datalab,korean toner pads,2026-01-05,39.72875
naver_datalab,korean toner pads,2026-01-12,34.06871
naver_datalab,korean toner pads,2026-01-19,36.49186
naver_datalab,korean toner pads,2026-01-26,35.75045
naver_datalab,korean toner pads,2026-02-02,35.09945
naver_datalab,korean toner pads,2026-02-09,37.05244
naver_datalab,korean toner pads,2026-02-16,34.99095
naver_datalab,korean toner pads,2026-02-23,36.56419
naver_datalab,korean toner pads,2026-03-02,35.40687
naver_datalab,korean toner pads,2026-03-09,32.62206
naver_datalab,korean toner pads,2026-03-16,32.13381
naver_datalab,korean toner pads,2026-03-23,33.30922
naver_datalab,korean toner pads,2026-03-30,34.90054
naver_datalab,korean toner pads,2026-04-06,34.66546
naver_datalab,korean toner pads,2026-04-13,34.03254
naver_datalab,korean toner pads,2026-04-20,32.83905
naver_datalab,korean toner pads,2026-04-27,33.01989
naver_datalab,korean toner pads,2026-05-04,39.51175
naver_datalab,korean toner pads,2026-05-11,36.9801
naver_datalab,korean toner pads,2026-05-18,33.09222
naver_datalab,korean toner pads,2026-05-25,36.36528
naver_datalab,korean toner pads,2026-06-01,38.84267
naver_datalab,korean toner pads,2026-06-08,31.69981
naver_datalab,korean toner pads,2026-06-15,31.10307
naver_datalab,korean toner pads,2026-06-22,30.16274
naver_datalab,korean toner pads,2026-06-29,31.2839
naver_datalab,korean toner pads,2026-07-06,31.03074
naver_datalab,korean toner pads,2026-07-13,27.1971
naver_datalab,korean toner pads,2026-07-20,27.28752
naver_datalab,korean toner pads,2026-07-27,4.17721
naver_datalab,hydrogel mask,2024-07-22,1.48282
naver_datalab,hydrogel mask,2024-07-29,2.00723
naver_datalab,hydrogel mask,2024-08-05,1.73598
naver_datalab,hydrogel mask,2024-08-12,1.91681
naver_datalab,hydrogel mask,2024-08-19,1.22965
naver_datalab,hydrogel mask,2024-08-26,1.46473
naver_datalab,hydrogel mask,2024-09-02,2.78481
naver_datalab,hydrogel mask,2024-09-09,1.62748
naver_datalab,hydrogel mask,2024-09-16,0.94032
naver_datalab,hydrogel mask,2024-09-23,1.51898
naver_datalab,hydrogel mask,2024-09-30,1.0669
naver_datalab,hydrogel mask,2024-10-07,0.56057
naver_datalab,hydrogel mask,2024-10-14,1.59132
naver_datalab,hydrogel mask,2024-10-21,1.79023
naver_datalab,hydrogel mask,2024-10-28,2.07956
naver_datalab,hydrogel mask,2024-11-04,1.57323
naver_datalab,hydrogel mask,2024-11-11,1.24773
naver_datalab,hydrogel mask,2024-11-18,1.66365
naver_datalab,hydrogel mask,2024-11-25,1.10307
naver_datalab,hydrogel mask,2024-12-02,1.48282
naver_datalab,hydrogel mask,2024-12-09,1.30198
naver_datalab,hydrogel mask,2024-12-16,0.99457
naver_datalab,hydrogel mask,2024-12-23,1.04882
naver_datalab,hydrogel mask,2024-12-30,1.21157
naver_datalab,hydrogel mask,2025-01-06,1.22965
naver_datalab,hydrogel mask,2025-01-13,1.48282
naver_datalab,hydrogel mask,2025-01-20,0.97649
naver_datalab,hydrogel mask,2025-01-27,0.86799
naver_datalab,hydrogel mask,2025-02-03,1.86256
naver_datalab,hydrogel mask,2025-02-10,2.20614
naver_datalab,hydrogel mask,2025-02-17,1.55515
naver_datalab,hydrogel mask,2025-02-24,1.33815
naver_datalab,hydrogel mask,2025-03-03,0.8499
naver_datalab,hydrogel mask,2025-03-10,1.15732
naver_datalab,hydrogel mask,2025-03-17,1.21157
naver_datalab,hydrogel mask,2025-03-24,1.24773
naver_datalab,hydrogel mask,2025-03-31,1.35623
naver_datalab,hydrogel mask,2025-04-07,1.66365
naver_datalab,hydrogel mask,2025-04-14,1.12115
naver_datalab,hydrogel mask,2025-04-21,2.73056
naver_datalab,hydrogel mask,2025-04-28,3.49005
naver_datalab,hydrogel mask,2025-05-05,1.1754
naver_datalab,hydrogel mask,2025-05-12,0.97649
naver_datalab,hydrogel mask,2025-05-19,1.55515
naver_datalab,hydrogel mask,2025-05-26,1.57323
naver_datalab,hydrogel mask,2025-06-02,1.21157
naver_datalab,hydrogel mask,2025-06-09,2.64014
naver_datalab,hydrogel mask,2025-06-16,1.53707
naver_datalab,hydrogel mask,2025-06-23,2.40506
naver_datalab,hydrogel mask,2025-06-30,1.66365
naver_datalab,hydrogel mask,2025-07-07,1.89873
naver_datalab,hydrogel mask,2025-07-14,1.26582
naver_datalab,hydrogel mask,2025-07-21,1.97106
naver_datalab,hydrogel mask,2025-07-28,1.51898
naver_datalab,hydrogel mask,2025-08-04,1.57323
naver_datalab,hydrogel mask,2025-08-11,1.79023
naver_datalab,hydrogel mask,2025-08-18,1.89873
naver_datalab,hydrogel mask,2025-08-25,1.80831
naver_datalab,hydrogel mask,2025-09-01,0.92224
naver_datalab,hydrogel mask,2025-09-08,1.5009
naver_datalab,hydrogel mask,2025-09-15,1.22965
naver_datalab,hydrogel mask,2025-09-22,1.32007
naver_datalab,hydrogel mask,2025-09-29,1.12115
naver_datalab,hydrogel mask,2025-10-06,0.56057
naver_datalab,hydrogel mask,2025-10-13,1.35623
naver_datalab,hydrogel mask,2025-10-20,2.11573
naver_datalab,hydrogel mask,2025-10-27,2.18806
naver_datalab,hydrogel mask,2025-11-03,1.3924
naver_datalab,hydrogel mask,2025-11-10,1.0669
naver_datalab,hydrogel mask,2025-11-17,1.64556
naver_datalab,hydrogel mask,2025-11-24,1.12115
naver_datalab,hydrogel mask,2025-12-01,1.97106
naver_datalab,hydrogel mask,2025-12-08,1.21157
naver_datalab,hydrogel mask,2025-12-15,0.81374
naver_datalab,hydrogel mask,2025-12-22,0.61482
naver_datalab,hydrogel mask,2025-12-29,0.72332
naver_datalab,hydrogel mask,2026-01-05,1.10307
naver_datalab,hydrogel mask,2026-01-12,0.61482
naver_datalab,hydrogel mask,2026-01-19,1.24773
naver_datalab,hydrogel mask,2026-01-26,0.86799
naver_datalab,hydrogel mask,2026-02-02,0.9584
naver_datalab,hydrogel mask,2026-02-09,1.19349
naver_datalab,hydrogel mask,2026-02-16,0.48824
naver_datalab,hydrogel mask,2026-02-23,0.92224
naver_datalab,hydrogel mask,2026-03-02,0.86799
naver_datalab,hydrogel mask,2026-03-09,1.1754
naver_datalab,hydrogel mask,2026-03-16,1.98915
naver_datalab,hydrogel mask,2026-03-23,1.08499
naver_datalab,hydrogel mask,2026-03-30,0.8499
naver_datalab,hydrogel mask,2026-04-06,1.22965
naver_datalab,hydrogel mask,2026-04-13,1.8264
naver_datalab,hydrogel mask,2026-04-20,1.15732
naver_datalab,hydrogel mask,2026-04-27,0.47016
naver_datalab,hydrogel mask,2026-05-04,0.50632
naver_datalab,hydrogel mask,2026-05-11,0.52441
naver_datalab,hydrogel mask,2026-05-18,1.13924
naver_datalab,hydrogel mask,2026-05-25,0.28933
naver_datalab,hydrogel mask,2026-06-01,1.30198
naver_datalab,hydrogel mask,2026-06-08,1.55515
naver_datalab,hydrogel mask,2026-06-15,1.12115
naver_datalab,hydrogel mask,2026-06-22,1.79023
naver_datalab,hydrogel mask,2026-06-29,1.98915
naver_datalab,hydrogel mask,2026-07-06,1.37432
naver_datalab,hydrogel mask,2026-07-13,0.79566
naver_datalab,hydrogel mask,2026-07-20,0.86799
naver_datalab,korean face cream,2024-07-22,0.29738
naver_datalab,korean face cream,2024-07-29,0.32086
naver_datalab,korean face cream,2024-08-05,0.44607
naver_datalab,korean face cream,2024-08-12,1.22867
naver_datalab,korean face cream,2024-08-19,0.25043
naver_datalab,korean face cream,2024-08-26,0.32868
naver_datalab,korean face cream,2024-09-02,0.2426
naver_datalab,korean face cream,2024-09-09,0.39912
naver_datalab,korean face cream,2024-09-16,0.19564
naver_datalab,korean face cream,2024-09-23,0.40694
naver_datalab,korean face cream,2024-09-30,0.39129
naver_datalab,korean face cream,2024-10-07,0.54781
naver_datalab,korean face cream,2024-10-14,0.4539
naver_datalab,korean face cream,2024-10-21,0.39129
naver_datalab,korean face cream,2024-10-28,0.43042
naver_datalab,korean face cream,2024-11-04,0.60259
naver_datalab,korean face cream,2024-11-11,0.70433
naver_datalab,korean face cream,2024-11-18,0.70433
naver_datalab,korean face cream,2024-11-25,0.58694
naver_datalab,korean face cream,2024-12-02,0.50868
naver_datalab,korean face cream,2024-12-09,0.61825
naver_datalab,korean face cream,2024-12-16,0.6652
naver_datalab,korean face cream,2024-12-23,0.39912
naver_datalab,korean face cream,2024-12-30,0.55564
naver_datalab,korean face cream,2025-01-06,1.56519
naver_datalab,korean face cream,2025-01-13,0.60259
naver_datalab,korean face cream,2025-01-20,0.64172
naver_datalab,korean face cream,2025-01-27,0.57912
naver_datalab,korean face cream,2025-02-03,0.68868
naver_datalab,korean face cream,2025-02-10,0.73563
naver_datalab,korean face cream,2025-02-17,0.57129
naver_datalab,korean face cream,2025-02-24,0.56346
naver_datalab,korean face cream,2025-03-03,0.44607
naver_datalab,korean face cream,2025-03-10,0.35999
naver_datalab,korean face cream,2025-03-17,0.46955
naver_datalab,korean face cream,2025-03-24,0.32868
naver_datalab,korean face cream,2025-03-31,0.41477
naver_datalab,korean face cream,2025-04-07,0.37564
naver_datalab,korean face cream,2025-04-14,0.38347
naver_datalab,korean face cream,2025-04-21,0.19564
naver_datalab,korean face cream,2025-04-28,0.32086
naver_datalab,korean face cream,2025-05-05,0.12521
naver_datalab,korean face cream,2025-05-12,0.15651
naver_datalab,korean face cream,2025-05-19,0.32086
naver_datalab,korean face cream,2025-05-26,0.26608
naver_datalab,korean face cream,2025-06-02,0.34434
naver_datalab,korean face cream,2025-06-09,1.7217
naver_datalab,korean face cream,2025-06-16,0.32086
naver_datalab,korean face cream,2025-06-23,0.21912
naver_datalab,korean face cream,2025-06-30,0.29738
naver_datalab,korean face cream,2025-07-07,0.71216
naver_datalab,korean face cream,2025-07-14,0.36781
naver_datalab,korean face cream,2025-07-21,0.2426
naver_datalab,korean face cream,2025-07-28,0.23477
naver_datalab,korean face cream,2025-08-04,0.75911
naver_datalab,korean face cream,2025-08-11,0.23477
naver_datalab,korean face cream,2025-08-18,0.26608
naver_datalab,korean face cream,2025-08-25,0.36781
naver_datalab,korean face cream,2025-09-01,0.33651
naver_datalab,korean face cream,2025-09-08,0.39912
naver_datalab,korean face cream,2025-09-15,0.32086
naver_datalab,korean face cream,2025-09-22,0.33651
naver_datalab,korean face cream,2025-09-29,0.26608
naver_datalab,korean face cream,2025-10-06,0.16434
naver_datalab,korean face cream,2025-10-13,0.28173
naver_datalab,korean face cream,2025-10-20,0.4539
naver_datalab,korean face cream,2025-10-27,0.44607
naver_datalab,korean face cream,2025-11-03,0.89998
naver_datalab,korean face cream,2025-11-10,0.65737
naver_datalab,korean face cream,2025-11-17,0.32086
naver_datalab,korean face cream,2025-11-24,0.32868
naver_datalab,korean face cream,2025-12-01,0.31303
naver_datalab,korean face cream,2025-12-08,0.61825
naver_datalab,korean face cream,2025-12-15,0.28173
naver_datalab,korean face cream,2025-12-22,0.4539
naver_datalab,korean face cream,2025-12-29,0.35999
naver_datalab,korean face cream,2026-01-05,0.40694
naver_datalab,korean face cream,2026-01-12,0.4539
naver_datalab,korean face cream,2026-01-19,0.21912
naver_datalab,korean face cream,2026-01-26,0.44607
naver_datalab,korean face cream,2026-02-02,0.46173
naver_datalab,korean face cream,2026-02-09,0.39129
naver_datalab,korean face cream,2026-02-16,0.41477
naver_datalab,korean face cream,2026-02-23,0.2113
naver_datalab,korean face cream,2026-03-02,0.39129
naver_datalab,korean face cream,2026-03-09,0.23477
naver_datalab,korean face cream,2026-03-16,0.21912
naver_datalab,korean face cream,2026-03-23,0.35999
naver_datalab,korean face cream,2026-03-30,0.25043
naver_datalab,korean face cream,2026-04-06,0.25825
naver_datalab,korean face cream,2026-04-13,0.29738
naver_datalab,korean face cream,2026-04-20,0.20347
naver_datalab,korean face cream,2026-04-27,0.07825
naver_datalab,korean face cream,2026-05-04,0.09391
naver_datalab,korean face cream,2026-05-11,0.10173
naver_datalab,korean face cream,2026-05-18,0.14869
naver_datalab,korean face cream,2026-05-25,0.04695
naver_datalab,korean face cream,2026-06-01,0.07825
naver_datalab,korean face cream,2026-06-15,0.03912
naver_datalab,korean face cream,2026-06-22,0.14869
naver_datalab,korean face cream,2026-06-29,0.09391
naver_datalab,korean face cream,2026-07-06,0.11738
naver_datalab,korean face cream,2026-07-13,0.20347
naver_datalab,korean face cream,2026-07-20,0.14086
naver_datalab,korean face cream,2026-07-27,0.04695
naver_datalab,sleeping mask skincare,2024-07-22,1.2991
naver_datalab,sleeping mask skincare,2024-07-29,1.36171
naver_datalab,sleeping mask skincare,2024-08-05,1.27562
naver_datalab,sleeping mask skincare,2024-08-12,1.37736
naver_datalab,sleeping mask skincare,2024-08-19,1.43997
naver_datalab,sleeping mask skincare,2024-08-26,1.48693
naver_datalab,sleeping mask skincare,2024-09-02,1.92518
naver_datalab,sleeping mask skincare,2024-09-09,1.36171
naver_datalab,sleeping mask skincare,2024-09-16,1.14258
naver_datalab,sleeping mask skincare,2024-09-23,1.56519
naver_datalab,sleeping mask skincare,2024-09-30,1.92518
naver_datalab,sleeping mask skincare,2024-10-07,1.89388
naver_datalab,sleeping mask skincare,2024-10-14,1.6591
naver_datalab,sleeping mask skincare,2024-10-21,1.85475
naver_datalab,sleeping mask skincare,2024-10-28,2.14431
naver_datalab,sleeping mask skincare,2024-11-04,2.19126
naver_datalab,sleeping mask skincare,2024-11-11,2.33995
naver_datalab,sleeping mask skincare,2024-11-18,1.933
naver_datalab,sleeping mask skincare,2024-11-25,2.5043
naver_datalab,sleeping mask skincare,2024-12-02,2.21474
naver_datalab,sleeping mask skincare,2024-12-09,2.28517
naver_datalab,sleeping mask skincare,2024-12-16,2.30865
naver_datalab,sleeping mask skincare,2024-12-23,1.96431
naver_datalab,sleeping mask skincare,2024-12-30,1.69823
naver_datalab,sleeping mask skincare,2025-01-06,2.0817
naver_datalab,sleeping mask skincare,2025-01-13,2.5043
naver_datalab,sleeping mask skincare,2025-01-20,2.76256
naver_datalab,sleeping mask skincare,2025-01-27,2.52778
naver_datalab,sleeping mask skincare,2025-02-03,2.78603
naver_datalab,sleeping mask skincare,2025-02-10,2.52778
naver_datalab,sleeping mask skincare,2025-02-17,3.33385
naver_datalab,sleeping mask skincare,2025-02-24,2.43387
naver_datalab,sleeping mask skincare,2025-03-03,2.30865
naver_datalab,sleeping mask skincare,2025-03-10,1.55736
naver_datalab,sleeping mask skincare,2025-03-17,1.64344
naver_datalab,sleeping mask skincare,2025-03-24,1.87822
naver_datalab,sleeping mask skincare,2025-03-31,2.03474
naver_datalab,sleeping mask skincare,2025-04-07,1.68257
naver_datalab,sleeping mask skincare,2025-04-14,1.82344
naver_datalab,sleeping mask skincare,2025-04-21,1.8704
naver_datalab,sleeping mask skincare,2025-04-28,1.83909
naver_datalab,sleeping mask skincare,2025-05-05,2.01909
naver_datalab,sleeping mask skincare,2025-05-12,1.72953
naver_datalab,sleeping mask skincare,2025-05-19,1.70605
naver_datalab,sleeping mask skincare,2025-05-26,1.51823
naver_datalab,sleeping mask skincare,2025-06-02,1.54171
naver_datalab,sleeping mask skincare,2025-06-09,1.34606
naver_datalab,sleeping mask skincare,2025-06-16,0.93911
naver_datalab,sleeping mask skincare,2025-06-23,1.31475
naver_datalab,sleeping mask skincare,2025-06-30,18.35185
naver_datalab,sleeping mask skincare,2025-07-07,11.44936
naver_datalab,sleeping mask skincare,2025-07-14,1.32258
naver_datalab,sleeping mask skincare,2025-07-21,1.15824
naver_datalab,sleeping mask skincare,2025-07-28,1.2678
naver_datalab,sleeping mask skincare,2025-08-04,1.33041
naver_datalab,sleeping mask skincare,2025-08-11,1.6591
naver_datalab,sleeping mask skincare,2025-08-18,1.69823
naver_datalab,sleeping mask skincare,2025-08-25,1.48693
naver_datalab,sleeping mask skincare,2025-09-01,1.6904
naver_datalab,sleeping mask skincare,2025-09-08,1.43997
naver_datalab,sleeping mask skincare,2025-09-15,1.36171
naver_datalab,sleeping mask skincare,2025-09-22,1.35388
naver_datalab,sleeping mask skincare,2025-09-29,0.82955
naver_datalab,sleeping mask skincare,2025-10-06,1.02519
naver_datalab,sleeping mask skincare,2025-10-13,0.97824
naver_datalab,sleeping mask skincare,2025-10-20,1.47127
naver_datalab,sleeping mask skincare,2025-10-27,1.87822
naver_datalab,sleeping mask skincare,2025-11-03,1.69823
naver_datalab,sleeping mask skincare,2025-11-10,1.80779
naver_datalab,sleeping mask skincare,2025-11-17,1.6904
naver_datalab,sleeping mask skincare,2025-11-24,2.37126
naver_datalab,sleeping mask skincare,2025-12-01,2.05039
naver_datalab,sleeping mask skincare,2025-12-08,1.58866
naver_datalab,sleeping mask skincare,2025-12-15,1.21302
naver_datalab,sleeping mask skincare,2025-12-22,1.15041
naver_datalab,sleeping mask skincare,2025-12-29,1.59649
naver_datalab,sleeping mask skincare,2026-01-05,1.63562
naver_datalab,sleeping mask skincare,2026-01-12,1.55736
naver_datalab,sleeping mask skincare,2026-01-19,1.18171
naver_datalab,sleeping mask skincare,2026-01-26,1.15041
naver_datalab,sleeping mask skincare,2026-02-02,1.37736
naver_datalab,sleeping mask skincare,2026-02-09,1.18954
naver_datalab,sleeping mask skincare,2026-02-16,1.34606
naver_datalab,sleeping mask skincare,2026-02-23,1.22867
naver_datalab,sleeping mask skincare,2026-03-02,1.22084
naver_datalab,sleeping mask skincare,2026-03-09,1.57301
naver_datalab,sleeping mask skincare,2026-03-16,1.14258
naver_datalab,sleeping mask skincare,2026-03-23,0.97041
naver_datalab,sleeping mask skincare,2026-03-30,1.04867
naver_datalab,sleeping mask skincare,2026-04-06,0.79042
naver_datalab,sleeping mask skincare,2026-04-13,1.01737
naver_datalab,sleeping mask skincare,2026-04-20,0.95476
naver_datalab,sleeping mask skincare,2026-04-27,1.0565
naver_datalab,sleeping mask skincare,2026-05-04,1.18171
naver_datalab,sleeping mask skincare,2026-05-11,0.86085
naver_datalab,sleeping mask skincare,2026-05-18,0.64172
naver_datalab,sleeping mask skincare,2026-05-25,0.79042
naver_datalab,sleeping mask skincare,2026-06-01,0.77476
naver_datalab,sleeping mask skincare,2026-06-08,0.74346
naver_datalab,sleeping mask skincare,2026-06-15,0.59477
naver_datalab,sleeping mask skincare,2026-06-22,0.73563
naver_datalab,sleeping mask skincare,2026-06-29,0.70433
naver_datalab,sleeping mask skincare,2026-07-06,0.50086
naver_datalab,sleeping mask skincare,2026-07-13,0.64172
naver_datalab,sleeping mask skincare,2026-07-20,0.6652
naver_datalab,sleeping mask skincare,2026-07-27,0.12521
naver_datalab,sun serum,2024-07-22,6.11989
naver_datalab,sun serum,2024-07-29,6.01815
naver_datalab,sun serum,2024-08-05,6.17467
naver_datalab,sun serum,2024-08-12,5.46251
naver_datalab,sun serum,2024-08-19,4.77383
naver_datalab,sun serum,2024-08-26,4.48426
naver_datalab,sun serum,2024-09-02,4.3747
naver_datalab,sun serum,2024-09-09,3.53732
naver_datalab,sun serum,2024-09-16,3.64689
naver_datalab,sun serum,2024-09-23,3.47472
naver_datalab,sun serum,2024-09-30,3.45124
naver_datalab,sun serum,2024-10-07,3.08342
naver_datalab,sun serum,2024-10-14,3.15385
naver_datalab,sun serum,2024-10-21,2.90342
naver_datalab,sun serum,2024-10-28,3.17733
naver_datalab,sun serum,2024-11-04,3.35733
naver_datalab,sun serum,2024-11-11,3.58428
naver_datalab,sun serum,2024-11-18,3.86601
naver_datalab,sun serum,2024-11-25,3.38863
naver_datalab,sun serum,2024-12-02,3.19298
naver_datalab,sun serum,2024-12-09,3.19298
naver_datalab,sun serum,2024-12-16,2.67647
naver_datalab,sun serum,2024-12-23,2.81734
naver_datalab,sun serum,2024-12-30,2.99733
naver_datalab,sun serum,2025-01-06,3.65471
naver_datalab,sun serum,2025-01-13,3.18516
naver_datalab,sun serum,2025-01-20,2.95038
naver_datalab,sun serum,2025-01-27,3.28689
naver_datalab,sun serum,2025-02-03,4.03036
naver_datalab,sun serum,2025-02-10,4.96947
naver_datalab,sun serum,2025-02-17,4.5547
naver_datalab,sun serum,2025-02-24,5.42338
naver_datalab,sun serum,2025-03-03,5.50946
naver_datalab,sun serum,2025-03-10,5.98685
naver_datalab,sun serum,2025-03-17,9.46157
naver_datalab,sun serum,2025-03-24,9.88417
naver_datalab,sun serum,2025-03-31,10.65894
naver_datalab,sun serum,2025-04-07,11.69197
naver_datalab,sun serum,2025-04-14,12.85021
naver_datalab,sun serum,2025-04-21,12.20065
naver_datalab,sun serum,2025-04-28,10.87807
naver_datalab,sun serum,2025-05-05,11.38675
naver_datalab,sun serum,2025-05-12,11.31632
naver_datalab,sun serum,2025-05-19,11.81718
naver_datalab,sun serum,2025-05-26,11.30849
naver_datalab,sun serum,2025-06-02,11.95022
naver_datalab,sun serum,2025-06-09,11.69979
naver_datalab,sun serum,2025-06-16,9.81374
naver_datalab,sun serum,2025-06-23,8.77289
naver_datalab,sun serum,2025-06-30,9.50853
naver_datalab,sun serum,2025-07-07,9.28157
naver_datalab,sun serum,2025-07-14,7.059
naver_datalab,sun serum,2025-07-21,7.59899
naver_datalab,sun serum,2025-07-28,11.08154
naver_datalab,sun serum,2025-08-04,12.46673
naver_datalab,sun serum,2025-08-11,9.83722
naver_datalab,sun serum,2025-08-18,7.41117
naver_datalab,sun serum,2025-08-25,8.58506
naver_datalab,sun serum,2025-09-01,5.84598
naver_datalab,sun serum,2025-09-08,4.40601
naver_datalab,sun serum,2025-09-15,4.14775
naver_datalab,sun serum,2025-09-22,3.87384
naver_datalab,sun serum,2025-09-29,3.28689
naver_datalab,sun serum,2025-10-06,2.98168
naver_datalab,sun serum,2025-10-13,4.31992
naver_datalab,sun serum,2025-10-20,9.89982
naver_datalab,sun serum,2025-10-27,17.31882
naver_datalab,sun serum,2025-11-03,14.54061
naver_datalab,sun serum,2025-11-10,12.16935
naver_datalab,sun serum,2025-11-17,13.4528
naver_datalab,sun serum,2025-11-24,10.72155
naver_datalab,sun serum,2025-12-01,20.15182
naver_datalab,sun serum,2025-12-08,8.13116
naver_datalab,sun serum,2025-12-15,3.72515
naver_datalab,sun serum,2025-12-22,3.3495
naver_datalab,sun serum,2025-12-29,3.9834
naver_datalab,sun serum,2026-01-05,4.99295
naver_datalab,sun serum,2026-01-12,13.96149
naver_datalab,sun serum,2026-01-19,5.53294
naver_datalab,sun serum,2026-01-26,4.85208
naver_datalab,sun serum,2026-02-02,6.01033
naver_datalab,sun serum,2026-02-09,5.36077
naver_datalab,sun serum,2026-02-16,5.65816
naver_datalab,sun serum,2026-02-23,7.44247
naver_datalab,sun serum,2026-03-02,7.56769
naver_datalab,sun serum,2026-03-09,9.12505
naver_datalab,sun serum,2026-03-16,8.81984
naver_datalab,sun serum,2026-03-23,11.1285
naver_datalab,sun serum,2026-03-30,13.10846
naver_datalab,sun serum,2026-04-06,14.45453
naver_datalab,sun serum,2026-04-13,13.05368
naver_datalab,sun serum,2026-04-20,15.74581
naver_datalab,sun serum,2026-04-27,13.96149
naver_datalab,sun serum,2026-05-04,13.22585
naver_datalab,sun serum,2026-05-11,14.10236
naver_datalab,sun serum,2026-05-18,14.13366
naver_datalab,sun serum,2026-05-25,12.20848
naver_datalab,sun serum,2026-06-01,12.86586
naver_datalab,sun serum,2026-06-08,10.92502
naver_datalab,sun serum,2026-06-15,11.08937
naver_datalab,sun serum,2026-06-22,11.1911
naver_datalab,sun serum,2026-06-29,13.31976
naver_datalab,sun serum,2026-07-06,16.4658
naver_datalab,sun serum,2026-07-13,14.68148
naver_datalab,sun serum,2026-07-20,11.85631
naver_datalab,sun serum,2026-07-27,1.92518
naver_datalab,sunscreen stick,2024-07-22,100.0
naver_datalab,sunscreen stick,2024-07-29,87.58021
naver_datalab,sunscreen stick,2024-08-05,68.89967
naver_datalab,sunscreen stick,2024-08-12,55.43903
naver_datalab,sunscreen stick,2024-08-19,37.60369
naver_datalab,sunscreen stick,2024-08-26,31.3351
naver_datalab,sunscreen stick,2024-09-02,26.78822
naver_datalab,sunscreen stick,2024-09-09,23.14133
naver_datalab,sunscreen stick,2024-09-16,19.62748
naver_datalab,sunscreen stick,2024-09-23,21.13006
naver_datalab,sunscreen stick,2024-09-30,19.87008
naver_datalab,sunscreen stick,2024-10-07,19.27531
naver_datalab,sunscreen stick,2024-10-14,15.01017
naver_datalab,sunscreen stick,2024-10-21,13.58585
naver_datalab,sunscreen stick,2024-10-28,15.19799
naver_datalab,sunscreen stick,2024-11-04,17.22491
naver_datalab,sunscreen stick,2024-11-11,16.21537
naver_datalab,sunscreen stick,2024-11-18,11.75457
naver_datalab,sunscreen stick,2024-11-25,11.93457
naver_datalab,sunscreen stick,2024-12-02,9.68852
naver_datalab,sunscreen stick,2024-12-09,8.72593
naver_datalab,sunscreen stick,2024-12-16,8.22507
naver_datalab,sunscreen stick,2024-12-23,6.64423
naver_datalab,sunscreen stick,2024-12-30,8.99984
naver_datalab,sunscreen stick,2025-01-06,9.7433
naver_datalab,sunscreen stick,2025-01-13,9.71983
naver_datalab,sunscreen stick,2025-01-20,9.712
naver_datalab,sunscreen stick,2025-01-27,10.58851
naver_datalab,sunscreen stick,2025-02-03,13.28063
naver_datalab,sunscreen stick,2025-02-10,13.90671
naver_datalab,sunscreen stick,2025-02-17,14.68148
naver_datalab,sunscreen stick,2025-02-24,17.20143
naver_datalab,sunscreen stick,2025-03-03,20.55094
naver_datalab,sunscreen stick,2025-03-10,24.79261
naver_datalab,sunscreen stick,2025-03-17,28.83862
naver_datalab,sunscreen stick,2025-03-24,30.84207
naver_datalab,sunscreen stick,2025-03-31,29.91078
naver_datalab,sunscreen stick,2025-04-07,38.61324
naver_datalab,sunscreen stick,2025-04-14,35.63938
naver_datalab,sunscreen stick,2025-04-21,44.68617
naver_datalab,sunscreen stick,2025-04-28,41.78275
naver_datalab,sunscreen stick,2025-05-05,35.45155
naver_datalab,sunscreen stick,2025-05-12,45.86007
naver_datalab,sunscreen stick,2025-05-19,53.59211
naver_datalab,sunscreen stick,2025-05-26,59.27375
naver_datalab,sunscreen stick,2025-06-02,68.3675
naver_datalab,sunscreen stick,2025-06-09,58.78854
naver_datalab,sunscreen stick,2025-06-16,46.40788
naver_datalab,sunscreen stick,2025-06-23,39.93582
naver_datalab,sunscreen stick,2025-06-30,62.06761
naver_datalab,sunscreen stick,2025-07-07,84.15244
naver_datalab,sunscreen stick,2025-07-14,42.76882
naver_datalab,sunscreen stick,2025-07-21,60.72155
naver_datalab,sunscreen stick,2025-07-28,61.60588
naver_datalab,sunscreen stick,2025-08-04,43.2149
naver_datalab,sunscreen stick,2025-08-11,29.676
naver_datalab,sunscreen stick,2025-08-18,32.26639
naver_datalab,sunscreen stick,2025-08-25,27.90734
naver_datalab,sunscreen stick,2025-09-01,23.83002
naver_datalab,sunscreen stick,2025-09-08,19.69009
naver_datalab,sunscreen stick,2025-09-15,15.91015
naver_datalab,sunscreen stick,2025-09-22,10.11112
naver_datalab,sunscreen stick,2025-09-29,8.2642
naver_datalab,sunscreen stick,2025-10-06,6.86335
naver_datalab,sunscreen stick,2025-10-13,7.34856
naver_datalab,sunscreen stick,2025-10-20,7.45813
naver_datalab,sunscreen stick,2025-10-27,7.61465
naver_datalab,sunscreen stick,2025-11-03,7.64595
naver_datalab,sunscreen stick,2025-11-10,7.64595
naver_datalab,sunscreen stick,2025-11-17,7.05118
naver_datalab,sunscreen stick,2025-11-24,5.88511
naver_datalab,sunscreen stick,2025-12-01,6.49553
naver_datalab,sunscreen stick,2025-12-08,6.38597
naver_datalab,sunscreen stick,2025-12-15,5.23556
naver_datalab,sunscreen stick,2025-12-22,5.47816
naver_datalab,sunscreen stick,2025-12-29,5.88511
naver_datalab,sunscreen stick,2026-01-05,7.32508
naver_datalab,sunscreen stick,2026-01-12,7.74769
naver_datalab,sunscreen stick,2026-01-19,7.78682
naver_datalab,sunscreen stick,2026-01-26,7.8416
naver_datalab,sunscreen stick,2026-02-02,8.54593
naver_datalab,sunscreen stick,2026-02-09,7.71638
naver_datalab,sunscreen stick,2026-02-16,9.712
naver_datalab,sunscreen stick,2026-02-23,11.77805
naver_datalab,sunscreen stick,2026-03-02,15.11973
naver_datalab,sunscreen stick,2026-03-09,19.13444
naver_datalab,sunscreen stick,2026-03-16,22.96916
naver_datalab,sunscreen stick,2026-03-23,30.03599
naver_datalab,sunscreen stick,2026-03-30,34.01158
naver_datalab,sunscreen stick,2026-04-06,38.84802
naver_datalab,sunscreen stick,2026-04-13,48.66958
naver_datalab,sunscreen stick,2026-04-20,46.44701
naver_datalab,sunscreen stick,2026-04-27,44.96791
naver_datalab,sunscreen stick,2026-05-04,47.70699
naver_datalab,sunscreen stick,2026-05-11,57.98246
naver_datalab,sunscreen stick,2026-05-18,55.07121
naver_datalab,sunscreen stick,2026-05-25,51.11128
naver_datalab,sunscreen stick,2026-06-01,53.61558
naver_datalab,sunscreen stick,2026-06-08,45.61746
naver_datalab,sunscreen stick,2026-06-15,42.45578
naver_datalab,sunscreen stick,2026-06-22,39.56018
naver_datalab,sunscreen stick,2026-06-29,42.41665
naver_datalab,sunscreen stick,2026-07-06,35.31069
naver_datalab,sunscreen stick,2026-07-13,34.44983
naver_datalab,sunscreen stick,2026-07-20,29.75426
naver_datalab,sunscreen stick,2026-07-27,5.96337
